Sr No,Timestamp,Device Name,MAC Address,RSSI,Raw Data
1,27-02-2024 12:12:21:929,IW04,7C:D9:F4:03:99:BD,-94,0689a00018069050949573034
2,27-02-2024 12:12:21:972,-,0B:A7:9F:B9:93:6F,-90,1e0600010f2022cf37e399441885ef129583c9876e0a3cf9c77b03c2dbdd
3,27-02-2024 12:12:22:139,IW52,7C:D9:F4:07:12:56,-87,0689a0001805c050949573532
4,27-02-2024 12:12:22:147,IW31,7C:D9:F4:02:66:A7,-76,0689a00018066050949573331
5,27-02-2024 12:12:22:178,-,0B:A7:9F:B9:93:6F,-84,1e0600010f2022cf37e399441885ef129583c9876e0a3cf9c77b03c2dbdd
6,27-02-2024 12:12:22:282,-,0B:A7:9F:B9:93:6F,-99,1e0600010f2022cf37e399441885ef129583c9876e0a3cf9c77b03c2dbdd
7,27-02-2024 12:12:22:375,-,65:EC:06:46:63:B7,-96,0a4c0010050c1c11489f
8,27-02-2024 12:12:22:447,IW52,7C:D9:F4:07:12:56,-86,0689a0001805c050949573532
9,27-02-2024 12:12:22:460,IW31,7C:D9:F4:02:66:A7,-69,0689a00018066050949573331
10,27-02-2024 12:12:22:587,-,0B:A7:9F:B9:93:6F,-86,1e0600010f2022cf37e399441885ef129583c9876e0a3cf9c77b03c2dbdd
11,27-02-2024 12:12:22:641,-,65:EC:06:46:63:B7,-96,0a4c0010050c1c11489f
12,27-02-2024 12:12:22:686,-,0B:A7:9F:B9:93:6F,-85,1e0600010f2022cf37e399441885ef129583c9876e0a3cf9c77b03c2dbdd
13,27-02-2024 12:12:22:743,IW52,7C:D9:F4:07:12:56,-84,0689a0001805c050949573532
14,27-02-2024 12:12:22:752,IW31,7C:D9:F4:02:66:A7,-73,0689a00018066050949573331
15,27-02-2024 12:12:23:102,-,0B:A7:9F:B9:93:6F,-87,1e0600010f2022cf37e399441885ef129583c9876e0a3cf9c77b03c2dbdd
16,27-02-2024 12:12:23:208,-,0B:A7:9F:B9:93:6F,-92,1e0600010f2022cf37e399441885ef129583c9876e0a3cf9c77b03c2dbdd
17,27-02-2024 12:12:23:360,IW52,7C:D9:F4:07:12:56,-90,0689a0001805c050949573532
18,27-02-2024 12:12:23:362,IW31,7C:D9:F4:02:66:A7,-67,0689a00018066050949573331
19,27-02-2024 12:12:23:410,-,0B:A7:9F:B9:93:6F,-84,1e0600010f2022cf37e399441885ef129583c9876e0a3cf9c77b03c2dbdd
20,27-02-2024 12:12:23:665,IW52,7C:D9:F4:07:12:56,-81,0689a0001805c050949573532
21,27-02-2024 12:12:24:046,-,0B:A7:9F:B9:93:6F,-93,1e0600010f2022cf37e399441885ef129583c9876e0a3cf9c77b03c2dbdd
22,27-02-2024 12:12:24:456,-,0B:A7:9F:B9:93:6F,-89,1e0600010f2022cf37e399441885ef129583c9876e0a3cf9c77b03c2dbdd
23,27-02-2024 12:12:24:587,IW52,7C:D9:F4:07:12:56,-89,0689a0001805b050949573532
24,27-02-2024 12:12:24:592,IW31,7C:D9:F4:02:66:A7,-67,0689a00018066050949573331
25,27-02-2024 12:12:24:614,IW11,7C:D9:F4:00:41:91,-89,0689a00018066050949573131
26,27-02-2024 12:12:24:776,-,1B:62:03:8A:96:E4,-99,1e060001092022d84f909671512c2b277c3a6014d154b9146adbfb4da3f4
27,27-02-2024 12:12:24:868,-,0B:A7:9F:B9:93:6F,-92,1e0600010f2022cf37e399441885ef129583c9876e0a3cf9c77b03c2dbdd
28,27-02-2024 12:12:24:882,-,1B:62:03:8A:96:E4,-95,1e060001092022d84f909671512c2b277c3a6014d154b9146adbfb4da3f4
29,27-02-2024 12:12:24:909, BSS-728,01:B6:EC:E1:3D:87,-95,0c1c990088a001b6ece13d870909204253532d373238
30,27-02-2024 12:12:24:973,-,0B:A7:9F:B9:93:6F,-95,1e0600010f2022cf37e399441885ef129583c9876e0a3cf9c77b03c2dbdd
31,27-02-2024 12:12:25:394,-,65:EC:06:46:63:B7,-95,0a4c0010050c1c11489f
32,27-02-2024 12:12:25:515,IW31,7C:D9:F4:02:66:A7,-67,0689a00018066050949573331
33,27-02-2024 12:12:25:824,IW31,7C:D9:F4:02:66:A7,-78,0689a00018066050949573331
34,27-02-2024 12:12:26:129,IW52,7C:D9:F4:07:12:56,-83,0689a0001805c050949573532
35,27-02-2024 12:12:26:217,-,65:EC:06:46:63:B7,-95,0a4c0010050c1c11489f
36,27-02-2024 12:12:26:437,IW52,7C:D9:F4:07:12:56,-86,0689a0001805c050949573532
37,27-02-2024 12:12:26:444,IW31,7C:D9:F4:02:66:A7,-67,0689a00018066050949573331
38,27-02-2024 12:12:26:984,-,0B:A7:9F:B9:93:6F,-96,1e0600010f2022cf37e399441885ef129583c9876e0a3cf9c77b03c2dbdd
39,27-02-2024 12:12:27:053,IW52,7C:D9:F4:07:12:56,-89,0689a0001805c050949573532
40,27-02-2024 12:12:27:057,IW31,7C:D9:F4:02:66:A7,-69,0689a00018066050949573331
41,27-02-2024 12:12:27:065,IW11,7C:D9:F4:00:41:91,-89,0689a00018066050949573131
42,27-02-2024 12:12:27:184,-,0B:A7:9F:B9:93:6F,-90,1e0600010f2022cf37e399441885ef129583c9876e0a3cf9c77b03c2dbdd
43,27-02-2024 12:12:27:238,IW19,7C:D9:F4:01:21:33,-98,0689a00018064050949573139
44,27-02-2024 12:12:27:472,-,48:89:A9:D4:80:B9,-100,0d4c00090813120ac2bfc61b58
45,27-02-2024 12:12:27:608,-,0B:A7:9F:B9:93:6F,-78,1e0600010f2022cf37e399441885ef129583c9876e0a3cf9c77b03c2dbdd
46,27-02-2024 12:12:27:677,IW31,7C:D9:F4:02:66:A7,-70,0689a00018066050949573331
47,27-02-2024 12:12:27:791, BSS-728,01:B6:EC:E1:3D:87,-97,0c1c990088a001b6ece13d870909204253532d373238
48,27-02-2024 12:12:27:819,-,0B:A7:9F:B9:93:6F,-94,1e0600010f2022cf37e399441885ef129583c9876e0a3cf9c77b03c2dbdd
49,27-02-2024 12:12:27:926,-,0B:A7:9F:B9:93:6F,-84,1e0600010f2022cf37e399441885ef129583c9876e0a3cf9c77b03c2dbdd
50,27-02-2024 12:12:28:027,-,0B:A7:9F:B9:93:6F,-96,1e0600010f2022cf37e399441885ef129583c9876e0a3cf9c77b03c2dbdd
51,27-02-2024 12:12:28:201, BSS-728,01:B6:EC:E1:3D:87,-95,0c1c990088a001b6ece13d870909204253532d373238
52,27-02-2024 12:12:28:230,-,0B:A7:9F:B9:93:6F,-96,1e0600010f2022cf37e399441885ef129583c9876e0a3cf9c77b03c2dbdd
53,27-02-2024 12:12:28:333,-,0B:A7:9F:B9:93:6F,-87,1e0600010f2022cf37e399441885ef129583c9876e0a3cf9c77b03c2dbdd
54,27-02-2024 12:12:28:406, BSS-728,01:B6:EC:E1:3D:87,-93,0c1c990088a001b6ece13d870909204253532d373238
55,27-02-2024 12:12:28:432,-,0B:A7:9F:B9:93:6F,-93,1e0600010f2022cf37e399441885ef129583c9876e0a3cf9c77b03c2dbdd
56,27-02-2024 12:12:28:534,-,0B:A7:9F:B9:93:6F,-92,1e0600010f2022cf37e399441885ef129583c9876e0a3cf9c77b03c2dbdd
57,27-02-2024 12:12:28:597,IW52,7C:D9:F4:07:12:56,-85,0689a0001805c050949573532
58,27-02-2024 12:12:28:605,IW31,7C:D9:F4:02:66:A7,-86,0689a00018066050949573331
59,27-02-2024 12:12:28:613,-,48:89:A9:D4:80:B9,-102,0d4c00090813120ac2bfc61b58
60,27-02-2024 12:12:28:638,-,0B:A7:9F:B9:93:6F,-81,1e0600010f2022cf37e399441885ef129583c9876e0a3cf9c77b03c2dbdd
61,27-02-2024 12:12:28:790,-,48:89:A9:D4:80:B9,-99,0d4c00090813120ac2bfc61b58
62,27-02-2024 12:12:28:907,IW52,7C:D9:F4:07:12:56,-92,0689a0001805c050949573532
63,27-02-2024 12:12:28:921,IW31,7C:D9:F4:02:66:A7,-73,0689a00018066050949573331
64,27-02-2024 12:12:28:930,IW11,7C:D9:F4:00:41:91,-96,0689a00018066050949573131
65,27-02-2024 12:12:29:088,-,1B:62:03:8A:96:E4,-96,1e060001092022d84f909671512c2b277c3a6014d154b9146adbfb4da3f4
66,27-02-2024 12:12:29:162,-,0B:A7:9F:B9:93:6F,-89,1e0600010f2022cf37e399441885ef129583c9876e0a3cf9c77b03c2dbdd
67,27-02-2024 12:12:29:214,IW52,7C:D9:F4:07:12:56,-86,0689a0001805c050949573532
68,27-02-2024 12:12:29:374,-,0B:A7:9F:B9:93:6F,-94,1e0600010f2022cf37e399441885ef129583c9876e0a3cf9c77b03c2dbdd
69,27-02-2024 12:12:29:541,-,EE:5E:7D:8C:3A:2F,-99,074c0012020001
70,27-02-2024 12:12:29:580,-,0B:A7:9F:B9:93:6F,-81,1e0600010f2022cf37e399441885ef129583c9876e0a3cf9c77b03c2dbdd
71,27-02-2024 12:12:29:623, BSS-728,01:B6:EC:E1:3D:87,-92,0c1c990088a001b6ece13d870909204253532d373238
72,27-02-2024 12:12:29:682,-,0B:A7:9F:B9:93:6F,-84,1e0600010f2022cf37e399441885ef129583c9876e0a3cf9c77b03c2dbdd
73,27-02-2024 12:12:29:888,-,0B:A7:9F:B9:93:6F,-90,1e0600010f2022cf37e399441885ef129583c9876e0a3cf9c77b03c2dbdd
74,27-02-2024 12:12:29:934,-,1B:62:03:8A:96:E4,-96,1e060001092022d84f909671512c2b277c3a6014d154b9146adbfb4da3f4
75,27-02-2024 12:12:29:999,-,0B:A7:9F:B9:93:6F,-90,1e0600010f2022cf37e399441885ef129583c9876e0a3cf9c77b03c2dbdd
76,27-02-2024 12:12:30:039, BSS-728,01:B6:EC:E1:3D:87,-93,0c1c990088a001b6ece13d870909204253532d373238
77,27-02-2024 12:12:30:097,-,0B:A7:9F:B9:93:6F,-92,1e0600010f2022cf37e399441885ef129583c9876e0a3cf9c77b03c2dbdd
78,27-02-2024 12:12:30:210,-,0B:A7:9F:B9:93:6F,-81,1e0600010f2022cf37e399441885ef129583c9876e0a3cf9c77b03c2dbdd
79,27-02-2024 12:12:30:297,-,48:89:A9:D4:80:B9,-99,0d4c00090813120ac2bfc61b58
80,27-02-2024 12:12:30:423,-,0B:A7:9F:B9:93:6F,-90,1e0600010f2022cf37e399441885ef129583c9876e0a3cf9c77b03c2dbdd
81,27-02-2024 12:12:30:443,IW52,7C:D9:F4:07:12:56,-84,0689a0001805c050949573532
82,27-02-2024 12:12:30:732,-,0B:A7:9F:B9:93:6F,-80,1e0600010f2022cf37e399441885ef129583c9876e0a3cf9c77b03c2dbdd
83,27-02-2024 12:12:30:754,IW52,7C:D9:F4:07:12:56,-84,0689a0001805c050949573532
84,27-02-2024 12:12:30:941,-,0B:A7:9F:B9:93:6F,-87,1e0600010f2022cf37e399441885ef129583c9876e0a3cf9c77b03c2dbdd
85,27-02-2024 12:12:31:043,-,0B:A7:9F:B9:93:6F,-90,1e0600010f2022cf37e399441885ef129583c9876e0a3cf9c77b03c2dbdd
86,27-02-2024 12:12:31:066, BSS-728,01:B6:EC:E1:3D:87,-95,0c1c990088a001b6ece13d870909204253532d373238
87,27-02-2024 12:12:31:096,-,1B:62:03:8A:96:E4,-96,1e060001092022d84f909671512c2b277c3a6014d154b9146adbfb4da3f4
88,27-02-2024 12:12:31:246,-,0B:A7:9F:B9:93:6F,-95,1e0600010f2022cf37e399441885ef129583c9876e0a3cf9c77b03c2dbdd
89,27-02-2024 12:12:31:353,-,0B:A7:9F:B9:93:6F,-90,1e0600010f2022cf37e399441885ef129583c9876e0a3cf9c77b03c2dbdd
90,27-02-2024 12:12:31:514,-,1B:62:03:8A:96:E4,-95,1e060001092022d84f909671512c2b277c3a6014d154b9146adbfb4da3f4
91,27-02-2024 12:12:31:675,IW31,7C:D9:F4:02:66:A7,-84,0689a00018066050949573331
92,27-02-2024 12:12:31:874,-,0B:A7:9F:B9:93:6F,-79,1e0600010f2022cf37e399441885ef129583c9876e0a3cf9c77b03c2dbdd
93,27-02-2024 12:12:32:107,-,0B:A7:9F:B9:93:6F,-90,1e0600010f2022cf37e399441885ef129583c9876e0a3cf9c77b03c2dbdd
94,27-02-2024 12:12:32:304,-,0B:A7:9F:B9:93:6F,-84,1e0600010f2022cf37e399441885ef129583c9876e0a3cf9c77b03c2dbdd
95,27-02-2024 12:12:32:386,-,0B:A7:9F:B9:93:6F,-90,1e0600010f2022cf37e399441885ef129583c9876e0a3cf9c77b03c2dbdd
96,27-02-2024 12:12:32:493,-,0B:A7:9F:B9:93:6F,-99,1e0600010f2022cf37e399441885ef129583c9876e0a3cf9c77b03c2dbdd
97,27-02-2024 12:12:32:716,-,0B:A7:9F:B9:93:6F,-95,1e0600010f2022cf37e399441885ef129583c9876e0a3cf9c77b03c2dbdd
98,27-02-2024 12:12:32:721,FB BSW053,FA:61:2E:65:0A:30,-55,0af0ef00fa612e650a300a09464220425357303533
99,27-02-2024 12:12:32:805,-,0B:A7:9F:B9:93:6F,-84,1e0600010f2022cf37e399441885ef129583c9876e0a3cf9c77b03c2dbdd
100,27-02-2024 12:12:32:914,-,0B:A7:9F:B9:93:6F,-90,1e0600010f2022cf37e399441885ef129583c9876e0a3cf9c77b03c2dbdd
101,27-02-2024 12:12:33:013,-,0B:A7:9F:B9:93:6F,-102,1e0600010f2022cf37e399441885ef129583c9876e0a3cf9c77b03c2dbdd
102,27-02-2024 12:12:33:083,-,65:EC:06:46:63:B7,-98,0a4c0010050c1c11489f
103,27-02-2024 12:12:33:114, BSS-728,01:B6:EC:E1:3D:87,-98,0c1c990088a001b6ece13d870909204253532d373238
104,27-02-2024 12:12:33:123,-,0B:A7:9F:B9:93:6F,-83,1e0600010f2022cf37e399441885ef129583c9876e0a3cf9c77b03c2dbdd
105,27-02-2024 12:12:33:194,IW52,7C:D9:F4:07:12:56,-84,0689a0001805c050949573532
106,27-02-2024 12:12:33:224,-,0B:A7:9F:B9:93:6F,-95,1e0600010f2022cf37e399441885ef129583c9876e0a3cf9c77b03c2dbdd
107,27-02-2024 12:12:33:280,-,1B:62:03:8A:96:E4,-105,1e060001092022d84f909671512c2b277c3a6014d154b9146adbfb4da3f4
108,27-02-2024 12:12:33:332,-,0B:A7:9F:B9:93:6F,-87,1e0600010f2022cf37e399441885ef129583c9876e0a3cf9c77b03c2dbdd
109,27-02-2024 12:12:33:362,-,65:EC:06:46:63:B7,-96,0a4c0010050c1c11489f
110,27-02-2024 12:12:33:434,-,0B:A7:9F:B9:93:6F,-102,1e0600010f2022cf37e399441885ef129583c9876e0a3cf9c77b03c2dbdd
111,27-02-2024 12:12:33:507,IW52,7C:D9:F4:07:12:56,-89,0689a0001805c050949573532
112,27-02-2024 12:12:33:511,IW31,7C:D9:F4:02:66:A7,-74,0689a00018066050949573331
113,27-02-2024 12:12:33:524,IW11,7C:D9:F4:00:41:91,-85,0689a00018066050949573131
114,27-02-2024 12:12:33:540,-,0B:A7:9F:B9:93:6F,-80,1e0600010f2022cf37e399441885ef129583c9876e0a3cf9c77b03c2dbdd
115,27-02-2024 12:12:33:645,-,0B:A7:9F:B9:93:6F,-93,1e0600010f2022cf37e399441885ef129583c9876e0a3cf9c77b03c2dbdd
116,27-02-2024 12:12:33:748,-,0B:A7:9F:B9:93:6F,-96,1e0600010f2022cf37e399441885ef129583c9876e0a3cf9c77b03c2dbdd
117,27-02-2024 12:12:33:800,-,1B:62:03:8A:96:E4,-99,1e060001092022d84f909671512c2b277c3a6014d154b9146adbfb4da3f4
118,27-02-2024 12:12:33:817,IW31,7C:D9:F4:02:66:A7,-69,0689a00018066050949573331
119,27-02-2024 12:12:33:926, BSS-728,01:B6:EC:E1:3D:87,-96,0c1c990088a001b6ece13d870909204253532d373238
120,27-02-2024 12:12:33:965,-,0B:A7:9F:B9:93:6F,-93,1e0600010f2022cf37e399441885ef129583c9876e0a3cf9c77b03c2dbdd
121,27-02-2024 12:12:34:064,-,0B:A7:9F:B9:93:6F,-87,1e0600010f2022cf37e399441885ef129583c9876e0a3cf9c77b03c2dbdd
122,27-02-2024 12:12:34:113,-,1B:62:03:8A:96:E4,-95,1e060001092022d84f909671512c2b277c3a6014d154b9146adbfb4da3f4
123,27-02-2024 12:12:34:119,IW52,7C:D9:F4:07:12:56,-84,0689a0001805b050949573532
124,27-02-2024 12:12:34:123,IW31,7C:D9:F4:02:66:A7,-77,0689a00018066050949573331
125,27-02-2024 12:12:34:283,-,0B:A7:9F:B9:93:6F,-89,1e0600010f2022cf37e399441885ef129583c9876e0a3cf9c77b03c2dbdd
126,27-02-2024 12:12:34:382,-,0B:A7:9F:B9:93:6F,-84,1e0600010f2022cf37e399441885ef129583c9876e0a3cf9c77b03c2dbdd
127,27-02-2024 12:12:34:426,IW52,7C:D9:F4:07:12:56,-86,0689a0001805b050949573532
128,27-02-2024 12:12:34:430,IW31,7C:D9:F4:02:66:A7,-76,0689a00018066050949573331
129,27-02-2024 12:12:34:482,-,0B:A7:9F:B9:93:6F,-96,1e0600010f2022cf37e399441885ef129583c9876e0a3cf9c77b03c2dbdd
130,27-02-2024 12:12:34:523,-,48:89:A9:D4:80:B9,-97,0d4c00090813120ac2bfc61b58
131,27-02-2024 12:12:34:692,-,0B:A7:9F:B9:93:6F,-84,1e0600010f2022cf37e399441885ef129583c9876e0a3cf9c77b03c2dbdd
132,27-02-2024 12:12:34:719,FB BSW053,FA:61:2E:65:0A:30,-47,0af0ef00fa612e650a300a09464220425357303533
133,27-02-2024 12:12:34:797,-,0B:A7:9F:B9:93:6F,-96,1e0600010f2022cf37e399441885ef129583c9876e0a3cf9c77b03c2dbdd
134,27-02-2024 12:12:34:907,-,0B:A7:9F:B9:93:6F,-80,1e0600010f2022cf37e399441885ef129583c9876e0a3cf9c77b03c2dbdd
135,27-02-2024 12:12:34:953,-,1B:62:03:8A:96:E4,-102,1e060001092022d84f909671512c2b277c3a6014d154b9146adbfb4da3f4
136,27-02-2024 12:12:35:019,-,0B:A7:9F:B9:93:6F,-93,1e0600010f2022cf37e399441885ef129583c9876e0a3cf9c77b03c2dbdd
137,27-02-2024 12:12:35:044,IW52,7C:D9:F4:07:12:56,-85,0689a0001805c050949573532
138,27-02-2024 12:12:35:120,-,0B:A7:9F:B9:93:6F,-96,1e0600010f2022cf37e399441885ef129583c9876e0a3cf9c77b03c2dbdd
139,27-02-2024 12:12:35:140,IW04,7C:D9:F4:03:99:BD,-93,0689a00018069050949573034
140,27-02-2024 12:12:35:222,-,0B:A7:9F:B9:93:6F,-93,1e0600010f2022cf37e399441885ef129583c9876e0a3cf9c77b03c2dbdd
141,27-02-2024 12:12:35:323,-,0B:A7:9F:B9:93:6F,-90,1e0600010f2022cf37e399441885ef129583c9876e0a3cf9c77b03c2dbdd
142,27-02-2024 12:12:35:426,-,0B:A7:9F:B9:93:6F,-87,1e0600010f2022cf37e399441885ef129583c9876e0a3cf9c77b03c2dbdd
143,27-02-2024 12:12:35:528,-,0B:A7:9F:B9:93:6F,-102,1e0600010f2022cf37e399441885ef129583c9876e0a3cf9c77b03c2dbdd
144,27-02-2024 12:12:35:636,-,0B:A7:9F:B9:93:6F,-78,1e0600010f2022cf37e399441885ef129583c9876e0a3cf9c77b03c2dbdd
145,27-02-2024 12:12:35:855,-,0B:A7:9F:B9:93:6F,-88,1e0600010f2022cf37e399441885ef129583c9876e0a3cf9c77b03c2dbdd
146,27-02-2024 12:12:36:055,-,0B:A7:9F:B9:93:6F,-90,1e0600010f2022cf37e399441885ef129583c9876e0a3cf9c77b03c2dbdd
147,27-02-2024 12:12:36:164,-,0B:A7:9F:B9:93:6F,-81,1e0600010f2022cf37e399441885ef129583c9876e0a3cf9c77b03c2dbdd
148,27-02-2024 12:12:36:185, BSS-728,01:B6:EC:E1:3D:87,-95,0c1c990088a001b6ece13d870909204253532d373238
149,27-02-2024 12:12:36:262,-,0B:A7:9F:B9:93:6F,-91,1e0600010f2022cf37e399441885ef129583c9876e0a3cf9c77b03c2dbdd
150,27-02-2024 12:12:36:369,-,0B:A7:9F:B9:93:6F,-81,1e0600010f2022cf37e399441885ef129583c9876e0a3cf9c77b03c2dbdd
151,27-02-2024 12:12:36:578,-,0B:A7:9F:B9:93:6F,-84,1e0600010f2022cf37e399441885ef129583c9876e0a3cf9c77b03c2dbdd
152,27-02-2024 12:12:36:894,IW31,7C:D9:F4:02:66:A7,-72,0689a00018066050949573331
153,27-02-2024 12:12:36:994,-,0B:A7:9F:B9:93:6F,-96,1e0600010f2022cf37e399441885ef129583c9876e0a3cf9c77b03c2dbdd
154,27-02-2024 12:12:37:097,-,0B:A7:9F:B9:93:6F,-79,1e0600010f2022cf37e399441885ef129583c9876e0a3cf9c77b03c2dbdd
155,27-02-2024 12:12:37:201,-,0B:A7:9F:B9:93:6F,-94,1e0600010f2022cf37e399441885ef129583c9876e0a3cf9c77b03c2dbdd
156,27-02-2024 12:12:37:207,IW31,7C:D9:F4:02:66:A7,-76,0689a00018066050949573331
157,27-02-2024 12:12:37:383,-,1B:62:03:8A:96:E4,-99,1e060001092022d84f909671512c2b277c3a6014d154b9146adbfb4da3f4
158,27-02-2024 12:12:37:412,-,0B:A7:9F:B9:93:6F,-87,1e0600010f2022cf37e399441885ef129583c9876e0a3cf9c77b03c2dbdd
159,27-02-2024 12:12:37:599,-,1B:62:03:8A:96:E4,-97,1e060001092022d84f909671512c2b277c3a6014d154b9146adbfb4da3f4
160,27-02-2024 12:12:37:607,IW04,7C:D9:F4:03:99:BD,-93,0689a00018069050949573034
161,27-02-2024 12:12:37:621,-,0B:A7:9F:B9:93:6F,-96,1e0600010f2022cf37e399441885ef129583c9876e0a3cf9c77b03c2dbdd
162,27-02-2024 12:12:37:913,-,1B:62:03:8A:96:E4,-99,1e060001092022d84f909671512c2b277c3a6014d154b9146adbfb4da3f4
163,27-02-2024 12:12:37:941,-,0B:A7:9F:B9:93:6F,-92,1e0600010f2022cf37e399441885ef129583c9876e0a3cf9c77b03c2dbdd
164,27-02-2024 12:12:38:119,IW31,7C:D9:F4:02:66:A7,-87,0689a00018066050949573331
165,27-02-2024 12:12:38:215,IW04,7C:D9:F4:03:99:BD,-93,0689a00018069050949573034
166,27-02-2024 12:12:38:220,-,1B:62:03:8A:96:E4,-98,1e060001092022d84f909671512c2b277c3a6014d154b9146adbfb4da3f4
167,27-02-2024 12:12:38:353,-,0B:A7:9F:B9:93:6F,-87,1e0600010f2022cf37e399441885ef129583c9876e0a3cf9c77b03c2dbdd
168,27-02-2024 12:12:38:429,IW31,7C:D9:F4:02:66:A7,-87,0689a00018066050949573331
169,27-02-2024 12:12:38:462,-,0B:A7:9F:B9:93:6F,-87,1e0600010f2022cf37e399441885ef129583c9876e0a3cf9c77b03c2dbdd
170,27-02-2024 12:12:38:680,-,0B:A7:9F:B9:93:6F,-81,1e0600010f2022cf37e399441885ef129583c9876e0a3cf9c77b03c2dbdd
171,27-02-2024 12:12:38:734,FB BSW053,FA:61:2E:65:0A:30,-59,0af0ef00fa612e650a300a09464220425357303533
172,27-02-2024 12:12:38:779,-,0B:A7:9F:B9:93:6F,-87,1e0600010f2022cf37e399441885ef129583c9876e0a3cf9c77b03c2dbdd
173,27-02-2024 12:12:39:043,IW52,7C:D9:F4:07:12:56,-85,0689a0001805c050949573532
174,27-02-2024 12:12:39:202,-,0B:A7:9F:B9:93:6F,-87,1e0600010f2022cf37e399441885ef129583c9876e0a3cf9c77b03c2dbdd
175,27-02-2024 12:12:39:282, BSS-728,01:B6:EC:E1:3D:87,-97,0c1c990088a001b6ece13d870909204253532d373238
176,27-02-2024 12:12:39:515,-,0B:A7:9F:B9:93:6F,-84,1e0600010f2022cf37e399441885ef129583c9876e0a3cf9c77b03c2dbdd
177,27-02-2024 12:12:39:620,-,0B:A7:9F:B9:93:6F,-85,1e0600010f2022cf37e399441885ef129583c9876e0a3cf9c77b03c2dbdd
178,27-02-2024 12:12:39:672,IW11,7C:D9:F4:00:41:91,-87,0689a00018066050949573131
179,27-02-2024 12:12:39:832,-,0B:A7:9F:B9:93:6F,-87,1e0600010f2022cf37e399441885ef129583c9876e0a3cf9c77b03c2dbdd
180,27-02-2024 12:12:39:944,-,0B:A7:9F:B9:93:6F,-80,1e0600010f2022cf37e399441885ef129583c9876e0a3cf9c77b03c2dbdd
181,27-02-2024 12:12:39:958,IW52,7C:D9:F4:07:12:56,-86,0689a0001805c050949573532
182,27-02-2024 12:12:40:046,-,0B:A7:9F:B9:93:6F,-80,1e0600010f2022cf37e399441885ef129583c9876e0a3cf9c77b03c2dbdd
183,27-02-2024 12:12:40:267,-,0B:A7:9F:B9:93:6F,-85,1e0600010f2022cf37e399441885ef129583c9876e0a3cf9c77b03c2dbdd
184,27-02-2024 12:12:40:269,IW52,7C:D9:F4:07:12:56,-85,0689a0001805c050949573532
185,27-02-2024 12:12:40:487,-,0B:A7:9F:B9:93:6F,-87,1e0600010f2022cf37e399441885ef129583c9876e0a3cf9c77b03c2dbdd
186,27-02-2024 12:12:40:590,IW31,7C:D9:F4:02:66:A7,-78,0689a00018066050949573331
187,27-02-2024 12:12:40:596,-,0B:A7:9F:B9:93:6F,-86,1e0600010f2022cf37e399441885ef129583c9876e0a3cf9c77b03c2dbdd
188,27-02-2024 12:12:40:700,-,0B:A7:9F:B9:93:6F,-80,1e0600010f2022cf37e399441885ef129583c9876e0a3cf9c77b03c2dbdd
189,27-02-2024 12:12:40:741,FB BSW053,FA:61:2E:65:0A:30,-46,0af0ef00fa612e650a300a09464220425357303533
190,27-02-2024 12:12:40:800,-,0B:A7:9F:B9:93:6F,-87,1e0600010f2022cf37e399441885ef129583c9876e0a3cf9c77b03c2dbdd
191,27-02-2024 12:12:40:901,-,0B:A7:9F:B9:93:6F,-93,1e0600010f2022cf37e399441885ef129583c9876e0a3cf9c77b03c2dbdd
192,27-02-2024 12:12:41:009,-,0B:A7:9F:B9:93:6F,-81,1e0600010f2022cf37e399441885ef129583c9876e0a3cf9c77b03c2dbdd
193,27-02-2024 12:12:41:116,-,0B:A7:9F:B9:93:6F,-84,1e0600010f2022cf37e399441885ef129583c9876e0a3cf9c77b03c2dbdd
194,27-02-2024 12:12:41:327,-,0B:A7:9F:B9:93:6F,-93,1e0600010f2022cf37e399441885ef129583c9876e0a3cf9c77b03c2dbdd
195,27-02-2024 12:12:41:529,IW11,7C:D9:F4:00:41:91,-90,0689a00018066050949573131
196,27-02-2024 12:12:41:534,-,0B:A7:9F:B9:93:6F,-87,1e0600010f2022cf37e399441885ef129583c9876e0a3cf9c77b03c2dbdd
197,27-02-2024 12:12:41:632,-,0B:A7:9F:B9:93:6F,-87,1e0600010f2022cf37e399441885ef129583c9876e0a3cf9c77b03c2dbdd
198,27-02-2024 12:12:41:652,-,1B:62:03:8A:96:E4,-102,1e060001092022d84f909671512c2b277c3a6014d154b9146adbfb4da3f4
199,27-02-2024 12:12:41:730,-,0B:A7:9F:B9:93:6F,-87,1e0600010f2022cf37e399441885ef129583c9876e0a3cf9c77b03c2dbdd
200,27-02-2024 12:12:41:810,IW52,7C:D9:F4:07:12:56,-84,0689a0001805c050949573532
201,27-02-2024 12:12:41:835,-,0B:A7:9F:B9:93:6F,-90,1e0600010f2022cf37e399441885ef129583c9876e0a3cf9c77b03c2dbdd
202,27-02-2024 12:12:41:963,-,1B:62:03:8A:96:E4,-95,1e060001092022d84f909671512c2b277c3a6014d154b9146adbfb4da3f4
203,27-02-2024 12:12:42:039,-,0B:A7:9F:B9:93:6F,-84,1e0600010f2022cf37e399441885ef129583c9876e0a3cf9c77b03c2dbdd
204,27-02-2024 12:12:42:118,IW52,7C:D9:F4:07:12:56,-88,0689a0001805c050949573532
205,27-02-2024 12:12:42:145,-,0B:A7:9F:B9:93:6F,-80,1e0600010f2022cf37e399441885ef129583c9876e0a3cf9c77b03c2dbdd
206,27-02-2024 12:12:42:251,-,0B:A7:9F:B9:93:6F,-86,1e0600010f2022cf37e399441885ef129583c9876e0a3cf9c77b03c2dbdd
207,27-02-2024 12:12:42:424,IW52,7C:D9:F4:07:12:56,-91,0689a0001805c050949573532
208,27-02-2024 12:12:42:429,IW31,7C:D9:F4:02:66:A7,-84,0689a00018066050949573331
209,27-02-2024 12:12:42:466,-,0B:A7:9F:B9:93:6F,-93,1e0600010f2022cf37e399441885ef129583c9876e0a3cf9c77b03c2dbdd
210,27-02-2024 12:12:42:567,-,0B:A7:9F:B9:93:6F,-90,1e0600010f2022cf37e399441885ef129583c9876e0a3cf9c77b03c2dbdd
211,27-02-2024 12:12:42:667,-,0B:A7:9F:B9:93:6F,-93,1e0600010f2022cf37e399441885ef129583c9876e0a3cf9c77b03c2dbdd
212,27-02-2024 12:12:42:672,-,1B:62:03:8A:96:E4,-99,1e060001092022d84f909671512c2b277c3a6014d154b9146adbfb4da3f4
213,27-02-2024 12:12:42:728,IW52,7C:D9:F4:07:12:56,-91,0689a0001805c050949573532
214,27-02-2024 12:12:42:735,IW31,7C:D9:F4:02:66:A7,-81,0689a00018066050949573331
215,27-02-2024 12:12:42:740,FB BSW053,FA:61:2E:65:0A:30,-46,0af0ef00fa612e650a300a09464220425357303533
216,27-02-2024 12:12:42:751,IW11,7C:D9:F4:00:41:91,-92,0689a00018066050949573131
217,27-02-2024 12:12:42:771,-,0B:A7:9F:B9:93:6F,-90,1e0600010f2022cf37e399441885ef129583c9876e0a3cf9c77b03c2dbdd
218,27-02-2024 12:12:42:879,-,0B:A7:9F:B9:93:6F,-90,1e0600010f2022cf37e399441885ef129583c9876e0a3cf9c77b03c2dbdd
219,27-02-2024 12:12:42:980,-,0B:A7:9F:B9:93:6F,-93,1e0600010f2022cf37e399441885ef129583c9876e0a3cf9c77b03c2dbdd
220,27-02-2024 12:12:42:988,-,1B:62:03:8A:96:E4,-102,1e060001092022d84f909671512c2b277c3a6014d154b9146adbfb4da3f4
221,27-02-2024 12:12:43:058,IW11,7C:D9:F4:00:41:91,-90,0689a00018066050949573131
222,27-02-2024 12:12:43:086,-,0B:A7:9F:B9:93:6F,-90,1e0600010f2022cf37e399441885ef129583c9876e0a3cf9c77b03c2dbdd
223,27-02-2024 12:12:43:192,-,0B:A7:9F:B9:93:6F,-90,1e0600010f2022cf37e399441885ef129583c9876e0a3cf9c77b03c2dbdd
224,27-02-2024 12:12:43:306,-,0B:A7:9F:B9:93:6F,-90,1e0600010f2022cf37e399441885ef129583c9876e0a3cf9c77b03c2dbdd
225,27-02-2024 12:12:43:354,IW52,7C:D9:F4:07:12:56,-92,0689a0001805c050949573532
226,27-02-2024 12:12:43:361,IW31,7C:D9:F4:02:66:A7,-75,0689a00018066050949573331
227,27-02-2024 12:12:43:404,-,0B:A7:9F:B9:93:6F,-93,1e0600010f2022cf37e399441885ef129583c9876e0a3cf9c77b03c2dbdd
228,27-02-2024 12:12:43:517,-,0B:A7:9F:B9:93:6F,-99,1e0600010f2022cf37e399441885ef129583c9876e0a3cf9c77b03c2dbdd
229,27-02-2024 12:12:43:619,-,0B:A7:9F:B9:93:6F,-87,1e0600010f2022cf37e399441885ef129583c9876e0a3cf9c77b03c2dbdd
230,27-02-2024 12:12:43:657,IW52,7C:D9:F4:07:12:56,-96,0689a0001805b050949573532
231,27-02-2024 12:12:43:661,IW31,7C:D9:F4:02:66:A7,-73,0689a00018066050949573331
232,27-02-2024 12:12:43:831,-,0B:A7:9F:B9:93:6F,-83,1e0600010f2022cf37e399441885ef129583c9876e0a3cf9c77b03c2dbdd
233,27-02-2024 12:12:43:934,-,0B:A7:9F:B9:93:6F,-96,1e0600010f2022cf37e399441885ef129583c9876e0a3cf9c77b03c2dbdd
234,27-02-2024 12:12:44:037,-,0B:A7:9F:B9:93:6F,-96,1e0600010f2022cf37e399441885ef129583c9876e0a3cf9c77b03c2dbdd
235,27-02-2024 12:12:44:148,-,0B:A7:9F:B9:93:6F,-87,1e0600010f2022cf37e399441885ef129583c9876e0a3cf9c77b03c2dbdd
236,27-02-2024 12:12:44:250,-,0B:A7:9F:B9:93:6F,-93,1e0600010f2022cf37e399441885ef129583c9876e0a3cf9c77b03c2dbdd
237,27-02-2024 12:12:44:271,IW52,7C:D9:F4:07:12:56,-87,0689a0001805b050949573532
238,27-02-2024 12:12:44:276,IW31,7C:D9:F4:02:66:A7,-78,0689a00018066050949573331
239,27-02-2024 12:12:44:293,IW11,7C:D9:F4:00:41:91,-88,0689a00018066050949573131
240,27-02-2024 12:12:44:348,-,1B:62:03:8A:96:E4,-102,1e060001092022d84f909671512c2b277c3a6014d154b9146adbfb4da3f4
241,27-02-2024 12:12:44:354,-,0B:A7:9F:B9:93:6F,-93,1e0600010f2022cf37e399441885ef129583c9876e0a3cf9c77b03c2dbdd
242,27-02-2024 12:12:44:371,IW04,7C:D9:F4:03:99:BD,-92,0689a00018069050949573034
243,27-02-2024 12:12:44:459,-,0B:A7:9F:B9:93:6F,-96,1e0600010f2022cf37e399441885ef129583c9876e0a3cf9c77b03c2dbdd
244,27-02-2024 12:12:44:579,IW52,7C:D9:F4:07:12:56,-86,0689a0001805b050949573532
245,27-02-2024 12:12:44:585,IW31,7C:D9:F4:02:66:A7,-92,0689a00018066050949573331
246,27-02-2024 12:12:44:599,IW11,7C:D9:F4:00:41:91,-88,0689a00018066050949573131
247,27-02-2024 12:12:44:673,-,0B:A7:9F:B9:93:6F,-99,1e0600010f2022cf37e399441885ef129583c9876e0a3cf9c77b03c2dbdd
248,27-02-2024 12:12:44:679,IW04,7C:D9:F4:03:99:BD,-93,0689a00018069050949573034
249,27-02-2024 12:12:44:752,FB BSW053,FA:61:2E:65:0A:30,-46,0af0ef00fa612e650a300a09464220425357303533
250,27-02-2024 12:12:44:905,IW11,7C:D9:F4:00:41:91,-86,0689a00018066050949573131
251,27-02-2024 12:12:44:985,-,0B:A7:9F:B9:93:6F,-96,1e0600010f2022cf37e399441885ef129583c9876e0a3cf9c77b03c2dbdd
252,27-02-2024 12:12:45:089,-,0B:A7:9F:B9:93:6F,-81,1e0600010f2022cf37e399441885ef129583c9876e0a3cf9c77b03c2dbdd
253,27-02-2024 12:12:45:190,-,0B:A7:9F:B9:93:6F,-91,1e0600010f2022cf37e399441885ef129583c9876e0a3cf9c77b03c2dbdd
254,27-02-2024 12:12:45:196,IW52,7C:D9:F4:07:12:56,-84,0689a0001805c050949573532
255,27-02-2024 12:12:45:298,-,0B:A7:9F:B9:93:6F,-77,1e0600010f2022cf37e399441885ef129583c9876e0a3cf9c77b03c2dbdd
256,27-02-2024 12:12:45:725,-,0B:A7:9F:B9:93:6F,-90,1e0600010f2022cf37e399441885ef129583c9876e0a3cf9c77b03c2dbdd
257,27-02-2024 12:12:46:046,-,0B:A7:9F:B9:93:6F,-83,1e0600010f2022cf37e399441885ef129583c9876e0a3cf9c77b03c2dbdd
258,27-02-2024 12:12:46:146,-,0B:A7:9F:B9:93:6F,-81,1e0600010f2022cf37e399441885ef129583c9876e0a3cf9c77b03c2dbdd
259,27-02-2024 12:12:46:434,IW52,7C:D9:F4:07:12:56,-90,0689a0001805c050949573532
260,27-02-2024 12:12:46:460,-,0B:A7:9F:B9:93:6F,-78,1e0600010f2022cf37e399441885ef129583c9876e0a3cf9c77b03c2dbdd
261,27-02-2024 12:12:46:746,IW52,7C:D9:F4:07:12:56,-85,0689a0001805c050949573532
262,27-02-2024 12:12:46:914,-,E4:21:93:A2:71:88,-96,074c0012020002
263,27-02-2024 12:12:47:044,IW52,7C:D9:F4:07:12:56,-87,0689a0001805c050949573532
264,27-02-2024 12:12:47:052,IW31,7C:D9:F4:02:66:A7,-78,0689a00018066050949573331
265,27-02-2024 12:12:47:305,-,0B:A7:9F:B9:93:6F,-78,1e0600010f2022cf37e399441885ef129583c9876e0a3cf9c77b03c2dbdd
266,27-02-2024 12:12:47:356,IW52,7C:D9:F4:07:12:56,-85,0689a0001805c050949573532
267,27-02-2024 12:12:47:409,-,0B:A7:9F:B9:93:6F,-81,1e0600010f2022cf37e399441885ef129583c9876e0a3cf9c77b03c2dbdd
268,27-02-2024 12:12:47:612,-,0B:A7:9F:B9:93:6F,-83,1e0600010f2022cf37e399441885ef129583c9876e0a3cf9c77b03c2dbdd
269,27-02-2024 12:12:47:659,IW52,7C:D9:F4:07:12:56,-86,0689a0001805c050949573532
270,27-02-2024 12:12:47:669,IW31,7C:D9:F4:02:66:A7,-74,0689a00018066050949573331
271,27-02-2024 12:12:47:924,-,0B:A7:9F:B9:93:6F,-83,1e0600010f2022cf37e399441885ef129583c9876e0a3cf9c77b03c2dbdd
272,27-02-2024 12:12:47:981,IW11,7C:D9:F4:00:41:91,-92,0689a00018066050949573131
273,27-02-2024 12:12:48:030,-,0B:A7:9F:B9:93:6F,-84,1e0600010f2022cf37e399441885ef129583c9876e0a3cf9c77b03c2dbdd
274,27-02-2024 12:12:48:347,-,0B:A7:9F:B9:93:6F,-91,1e0600010f2022cf37e399441885ef129583c9876e0a3cf9c77b03c2dbdd
275,27-02-2024 12:12:48:447,-,0B:A7:9F:B9:93:6F,-89,1e0600010f2022cf37e399441885ef129583c9876e0a3cf9c77b03c2dbdd
276,27-02-2024 12:12:48:457,IW19,7C:D9:F4:01:21:33,-98,0689a00018064050949573139
277,27-02-2024 12:12:48:559,-,0B:A7:9F:B9:93:6F,-88,1e0600010f2022cf37e399441885ef129583c9876e0a3cf9c77b03c2dbdd
278,27-02-2024 12:12:48:599,IW11,7C:D9:F4:00:41:91,-83,0689a00018066050949573131
279,27-02-2024 12:12:48:662,-,0B:A7:9F:B9:93:6F,-87,1e0600010f2022cf37e399441885ef129583c9876e0a3cf9c77b03c2dbdd
280,27-02-2024 12:12:48:874,-,0B:A7:9F:B9:93:6F,-90,1e0600010f2022cf37e399441885ef129583c9876e0a3cf9c77b03c2dbdd
281,27-02-2024 12:12:48:889,IW52,7C:D9:F4:07:12:56,-86,0689a0001805c050949573532
282,27-02-2024 12:12:48:895,IW31,7C:D9:F4:02:66:A7,-72,0689a00018066050949573331
283,27-02-2024 12:12:48:977,-,0B:A7:9F:B9:93:6F,-102,1e0600010f2022cf37e399441885ef129583c9876e0a3cf9c77b03c2dbdd
284,27-02-2024 12:12:49:061,-,65:EC:06:46:63:B7,-93,0a4c0010050c1c11489f
285,27-02-2024 12:12:49:076,-,0B:A7:9F:B9:93:6F,-90,1e0600010f2022cf37e399441885ef129583c9876e0a3cf9c77b03c2dbdd
286,27-02-2024 12:12:49:193,IW52,7C:D9:F4:07:12:56,-80,0689a0001805c050949573532
287,27-02-2024 12:12:49:279,-,0B:A7:9F:B9:93:6F,-97,1e0600010f2022cf37e399441885ef129583c9876e0a3cf9c77b03c2dbdd
288,27-02-2024 12:12:49:501,IW52,7C:D9:F4:07:12:56,-84,0689a0001805c050949573532
289,27-02-2024 12:12:49:508,IW31,7C:D9:F4:02:66:A7,-72,0689a00018066050949573331
290,27-02-2024 12:12:49:709,-,0B:A7:9F:B9:93:6F,-93,1e0600010f2022cf37e399441885ef129583c9876e0a3cf9c77b03c2dbdd
291,27-02-2024 12:12:49:807,IW52,7C:D9:F4:07:12:56,-82,0689a0001805c050949573532
292,27-02-2024 12:12:49:908,-,0B:A7:9F:B9:93:6F,-92,1e0600010f2022cf37e399441885ef129583c9876e0a3cf9c77b03c2dbdd
293,27-02-2024 12:12:50:017,-,0B:A7:9F:B9:93:6F,-93,1e0600010f2022cf37e399441885ef129583c9876e0a3cf9c77b03c2dbdd
294,27-02-2024 12:12:50:065,IW56,7C:D9:F4:1D:65:E1,-94,0689a0001805d050949573536
295,27-02-2024 12:12:50:116,-,0B:A7:9F:B9:93:6F,-90,1e0600010f2022cf37e399441885ef129583c9876e0a3cf9c77b03c2dbdd
296,27-02-2024 12:12:50:433,-,0B:A7:9F:B9:93:6F,-87,1e0600010f2022cf37e399441885ef129583c9876e0a3cf9c77b03c2dbdd
297,27-02-2024 12:12:50:631,-,1B:62:03:8A:96:E4,-98,1e060001092022d84f909671512c2b277c3a6014d154b9146adbfb4da3f4
298,27-02-2024 12:12:50:644,-,0B:A7:9F:B9:93:6F,-85,1e0600010f2022cf37e399441885ef129583c9876e0a3cf9c77b03c2dbdd
299,27-02-2024 12:12:50:737,IW31,7C:D9:F4:02:66:A7,-72,0689a00018066050949573331
300,27-02-2024 12:12:50:750, BSS-728,01:B6:EC:E1:3D:87,-99,0c1c990088a001b6ece13d870909204253532d373238
301,27-02-2024 12:12:50:759,-,0B:A7:9F:B9:93:6F,-91,1e0600010f2022cf37e399441885ef129583c9876e0a3cf9c77b03c2dbdd
302,27-02-2024 12:12:50:767,FB BSW053,FA:61:2E:65:0A:30,-46,0af0ef00fa612e650a300a09464220425357303533
303,27-02-2024 12:12:50:849,-,0B:A7:9F:B9:93:6F,-89,1e0600010f2022cf37e399441885ef129583c9876e0a3cf9c77b03c2dbdd
304,27-02-2024 12:12:50:912,IW19,7C:D9:F4:01:21:33,-98,0689a00018064050949573139
305,27-02-2024 12:12:50:956,-,0B:A7:9F:B9:93:6F,-93,1e0600010f2022cf37e399441885ef129583c9876e0a3cf9c77b03c2dbdd
306,27-02-2024 12:12:51:033,IW52,7C:D9:F4:07:12:56,-86,0689a0001805c050949573532
307,27-02-2024 12:12:51:038,IW31,7C:D9:F4:02:66:A7,-74,0689a00018066050949573331
308,27-02-2024 12:12:51:055,IW11,7C:D9:F4:00:41:91,-89,0689a00018066050949573131
309,27-02-2024 12:12:51:066,-,0B:A7:9F:B9:93:6F,-93,1e0600010f2022cf37e399441885ef129583c9876e0a3cf9c77b03c2dbdd
310,27-02-2024 12:12:51:168,-,0B:A7:9F:B9:93:6F,-87,1e0600010f2022cf37e399441885ef129583c9876e0a3cf9c77b03c2dbdd
311,27-02-2024 12:12:51:253,-,48:89:A9:D4:80:B9,-96,0d4c00090813120ac2bfc61b58
312,27-02-2024 12:12:51:271,-,0B:A7:9F:B9:93:6F,-87,1e0600010f2022cf37e399441885ef129583c9876e0a3cf9c77b03c2dbdd
313,27-02-2024 12:12:51:338,IW52,7C:D9:F4:07:12:56,-82,0689a0001805c050949573532
314,27-02-2024 12:12:51:438,-,48:89:A9:D4:80:B9,-94,0d4c00090813120ac2bfc61b58
315,27-02-2024 12:12:51:474,-,0B:A7:9F:B9:93:6F,-78,1e0600010f2022cf37e399441885ef129583c9876e0a3cf9c77b03c2dbdd
316,27-02-2024 12:12:51:762,-,1B:62:03:8A:96:E4,-96,1e060001092022d84f909671512c2b277c3a6014d154b9146adbfb4da3f4
317,27-02-2024 12:12:51:781,-,0B:A7:9F:B9:93:6F,-81,1e0600010f2022cf37e399441885ef129583c9876e0a3cf9c77b03c2dbdd
318,27-02-2024 12:12:51:883,-,0B:A7:9F:B9:93:6F,-81,1e0600010f2022cf37e399441885ef129583c9876e0a3cf9c77b03c2dbdd
319,27-02-2024 12:12:52:192,-,0B:A7:9F:B9:93:6F,-84,1e0600010f2022cf37e399441885ef129583c9876e0a3cf9c77b03c2dbdd
320,27-02-2024 12:12:52:296,-,0B:A7:9F:B9:93:6F,-84,1e0600010f2022cf37e399441885ef129583c9876e0a3cf9c77b03c2dbdd
321,27-02-2024 12:12:52:402,-,0B:A7:9F:B9:93:6F,-86,1e0600010f2022cf37e399441885ef129583c9876e0a3cf9c77b03c2dbdd
322,27-02-2024 12:12:52:502,-,0B:A7:9F:B9:93:6F,-90,1e0600010f2022cf37e399441885ef129583c9876e0a3cf9c77b03c2dbdd
323,27-02-2024 12:12:52:588,IW11,7C:D9:F4:00:41:91,-81,0689a00018066050949573131
324,27-02-2024 12:12:52:606,-,0B:A7:9F:B9:93:6F,-87,1e0600010f2022cf37e399441885ef129583c9876e0a3cf9c77b03c2dbdd
325,27-02-2024 12:12:52:708,-,0B:A7:9F:B9:93:6F,-84,1e0600010f2022cf37e399441885ef129583c9876e0a3cf9c77b03c2dbdd
326,27-02-2024 12:12:52:816,-,0B:A7:9F:B9:93:6F,-80,1e0600010f2022cf37e399441885ef129583c9876e0a3cf9c77b03c2dbdd
327,27-02-2024 12:12:52:822,-,1B:62:03:8A:96:E4,-95,1e060001092022d84f909671512c2b277c3a6014d154b9146adbfb4da3f4
328,27-02-2024 12:12:52:924,-,0B:A7:9F:B9:93:6F,-85,1e0600010f2022cf37e399441885ef129583c9876e0a3cf9c77b03c2dbdd
329,27-02-2024 12:12:53:182,IW52,7C:D9:F4:07:12:56,-84,0689a0001805c050949573532
330,27-02-2024 12:12:53:242,-,0B:A7:9F:B9:93:6F,-89,1e0600010f2022cf37e399441885ef129583c9876e0a3cf9c77b03c2dbdd
331,27-02-2024 12:12:53:869,-,0B:A7:9F:B9:93:6F,-77,1e0600010f2022cf37e399441885ef129583c9876e0a3cf9c77b03c2dbdd
332,27-02-2024 12:12:54:080,-,1B:62:03:8A:96:E4,-102,1e060001092022d84f909671512c2b277c3a6014d154b9146adbfb4da3f4
333,27-02-2024 12:12:54:107,IW52,7C:D9:F4:07:12:56,-84,0689a0001805c050949573532
334,27-02-2024 12:12:54:178,-,0B:A7:9F:B9:93:6F,-86,1e0600010f2022cf37e399441885ef129583c9876e0a3cf9c77b03c2dbdd
335,27-02-2024 12:12:54:244,-,48:89:A9:D4:80:B9,-94,0d4c00090813120ac2bfc61b58
336,27-02-2024 12:12:54:498,-,0B:A7:9F:B9:93:6F,-83,1e0600010f2022cf37e399441885ef129583c9876e0a3cf9c77b03c2dbdd
337,27-02-2024 12:12:54:601,-,0B:A7:9F:B9:93:6F,-83,1e0600010f2022cf37e399441885ef129583c9876e0a3cf9c77b03c2dbdd
338,27-02-2024 12:12:54:708,-,0B:A7:9F:B9:93:6F,-96,1e0600010f2022cf37e399441885ef129583c9876e0a3cf9c77b03c2dbdd
339,27-02-2024 12:12:54:742,IW11,7C:D9:F4:00:41:91,-81,0689a00018066050949573131
340,27-02-2024 12:12:54:811,-,0B:A7:9F:B9:93:6F,-96,1e0600010f2022cf37e399441885ef129583c9876e0a3cf9c77b03c2dbdd
341,27-02-2024 12:12:55:032,IW31,7C:D9:F4:02:66:A7,-69,0689a00018066050949573331
342,27-02-2024 12:12:55:450,-,0B:A7:9F:B9:93:6F,-80,1e0600010f2022cf37e399441885ef129583c9876e0a3cf9c77b03c2dbdd
343,27-02-2024 12:12:55:548,-,0B:A7:9F:B9:93:6F,-85,1e0600010f2022cf37e399441885ef129583c9876e0a3cf9c77b03c2dbdd
344,27-02-2024 12:12:55:592,IW56,7C:D9:F4:1D:65:E1,-95,0689a0001805d050949573536
345,27-02-2024 12:12:55:651,-,0B:A7:9F:B9:93:6F,-84,1e0600010f2022cf37e399441885ef129583c9876e0a3cf9c77b03c2dbdd
346,27-02-2024 12:12:55:759,-,0B:A7:9F:B9:93:6F,-97,1e0600010f2022cf37e399441885ef129583c9876e0a3cf9c77b03c2dbdd
347,27-02-2024 12:12:55:864,-,0B:A7:9F:B9:93:6F,-86,1e0600010f2022cf37e399441885ef129583c9876e0a3cf9c77b03c2dbdd
348,27-02-2024 12:12:55:953,IW31,7C:D9:F4:02:66:A7,-68,0689a00018066050949573331
349,27-02-2024 12:12:56:281,-,0B:A7:9F:B9:93:6F,-93,1e0600010f2022cf37e399441885ef129583c9876e0a3cf9c77b03c2dbdd
350,27-02-2024 12:12:56:291,IW11,7C:D9:F4:00:41:91,-87,0689a00018066050949573131
351,27-02-2024 12:12:56:382,-,0B:A7:9F:B9:93:6F,-88,1e0600010f2022cf37e399441885ef129583c9876e0a3cf9c77b03c2dbdd
352,27-02-2024 12:12:56:703,-,0B:A7:9F:B9:93:6F,-89,1e0600010f2022cf37e399441885ef129583c9876e0a3cf9c77b03c2dbdd
353,27-02-2024 12:12:56:882,IW31,7C:D9:F4:02:66:A7,-74,0689a00018066050949573331
354,27-02-2024 12:12:56:913,-,0B:A7:9F:B9:93:6F,-82,1e0600010f2022cf37e399441885ef129583c9876e0a3cf9c77b03c2dbdd
355,27-02-2024 12:12:57:194,IW31,7C:D9:F4:02:66:A7,-74,0689a00018066050949573331
356,27-02-2024 12:12:57:227,-,0B:A7:9F:B9:93:6F,-79,1e0600010f2022cf37e399441885ef129583c9876e0a3cf9c77b03c2dbdd
357,27-02-2024 12:12:57:331,-,0B:A7:9F:B9:93:6F,-90,1e0600010f2022cf37e399441885ef129583c9876e0a3cf9c77b03c2dbdd
358,27-02-2024 12:12:57:500,IW52,7C:D9:F4:07:12:56,-88,0689a0001805c050949573532
359,27-02-2024 12:12:57:507,IW31,7C:D9:F4:02:66:A7,-72,0689a00018066050949573331
360,27-02-2024 12:12:57:547,-,0B:A7:9F:B9:93:6F,-54,1e0600010f2022cf37e399441885ef129583c9876e0a3cf9c77b03c2dbdd
361,27-02-2024 12:12:57:804,IW52,7C:D9:F4:07:12:56,-82,0689a0001805c050949573532
362,27-02-2024 12:12:57:953,-,0B:A7:9F:B9:93:6F,-86,1e0600010f2022cf37e399441885ef129583c9876e0a3cf9c77b03c2dbdd
363,27-02-2024 12:12:58:111,IW52,7C:D9:F4:07:12:56,-83,0689a0001805c050949573532
364,27-02-2024 12:12:58:421,IW31,7C:D9:F4:02:66:A7,-69,0689a00018066050949573331
365,27-02-2024 12:12:58:466,-,0B:A7:9F:B9:93:6F,-53,1e0600010f2022cf37e399441885ef129583c9876e0a3cf9c77b03c2dbdd
366,27-02-2024 12:12:59:212,-,0B:A7:9F:B9:93:6F,-86,1e0600010f2022cf37e399441885ef129583c9876e0a3cf9c77b03c2dbdd
367,27-02-2024 12:12:59:319,-,0B:A7:9F:B9:93:6F,-93,1e0600010f2022cf37e399441885ef129583c9876e0a3cf9c77b03c2dbdd
368,27-02-2024 12:12:59:349,IW31,7C:D9:F4:02:66:A7,-66,0689a00018066050949573331
369,27-02-2024 12:12:59:656,IW52,7C:D9:F4:07:12:56,-84,0689a0001805c050949573532
370,27-02-2024 12:12:59:948,-,0B:A7:9F:B9:93:6F,-87,1e0600010f2022cf37e399441885ef129583c9876e0a3cf9c77b03c2dbdd
371,27-02-2024 12:12:59:985,IW11,7C:D9:F4:00:41:91,-81,0689a00018066050949573131
372,27-02-2024 12:13:00:579,IW52,7C:D9:F4:07:12:56,-84,0689a0001805c050949573532
373,27-02-2024 12:13:00:586,-,0B:A7:9F:B9:93:6F,-60,1e0600010f2022cf37e399441885ef129583c9876e0a3cf9c77b03c2dbdd
374,27-02-2024 12:13:00:907,IW52,7C:D9:F4:07:12:56,-86,0689a0001805c050949573532
375,27-02-2024 12:13:01:968,-,0B:A7:9F:B9:93:6F,-86,1e0600010f2022cf37e399441885ef129583c9876e0a3cf9c77b03c2dbdd
376,27-02-2024 12:13:01:994,IW19,7C:D9:F4:01:21:33,-99,0689a00018064050949573139
377,27-02-2024 12:13:02:118,IW52,7C:D9:F4:07:12:56,-87,0689a0001805c050949573532
378,27-02-2024 12:13:02:384,-,0B:A7:9F:B9:93:6F,-89,1e0600010f2022cf37e399441885ef129583c9876e0a3cf9c77b03c2dbdd
379,27-02-2024 12:13:02:428,IW31,7C:D9:F4:02:66:A7,-69,0689a00018066050949573331
380,27-02-2024 12:13:02:497,-,0B:A7:9F:B9:93:6F,-87,1e0600010f2022cf37e399441885ef129583c9876e0a3cf9c77b03c2dbdd
381,27-02-2024 12:13:02:596,-,0B:A7:9F:B9:93:6F,-96,1e0600010f2022cf37e399441885ef129583c9876e0a3cf9c77b03c2dbdd
382,27-02-2024 12:13:02:734,IW52,7C:D9:F4:07:12:56,-86,0689a0001805c050949573532
383,27-02-2024 12:13:02:811,FB BSW053,FA:61:2E:65:0A:30,-46,0af0ef00fa612e650a300a09464220425357303533
384,27-02-2024 12:13:03:018,-,0B:A7:9F:B9:93:6F,-96,1e0600010f2022cf37e399441885ef129583c9876e0a3cf9c77b03c2dbdd
385,27-02-2024 12:13:03:059,IW11,7C:D9:F4:00:41:91,-81,0689a00018066050949573131
386,27-02-2024 12:13:03:226,-,0B:A7:9F:B9:93:6F,-87,1e0600010f2022cf37e399441885ef129583c9876e0a3cf9c77b03c2dbdd
387,27-02-2024 12:13:03:329,-,0B:A7:9F:B9:93:6F,-81,1e0600010f2022cf37e399441885ef129583c9876e0a3cf9c77b03c2dbdd
388,27-02-2024 12:13:03:349,IW52,7C:D9:F4:07:12:56,-84,0689a0001805c050949573532
389,27-02-2024 12:13:03:653, BSS-728,01:B6:EC:E1:3D:87,-96,0c1c990088a001b6ece13d870909204253532d373238
390,27-02-2024 12:13:03:956,IW52,7C:D9:F4:07:12:56,-89,0689a0001805c050949573532
391,27-02-2024 12:13:04:262,-,0B:A7:9F:B9:93:6F,-81,1e0600010f2022cf37e399441885ef129583c9876e0a3cf9c77b03c2dbdd
392,27-02-2024 12:13:04:272,IW31,7C:D9:F4:02:66:A7,-77,0689a00018066050949573331
393,27-02-2024 12:13:04:475,-,0B:A7:9F:B9:93:6F,-94,1e0600010f2022cf37e399441885ef129583c9876e0a3cf9c77b03c2dbdd
394,27-02-2024 12:13:04:574,IW52,7C:D9:F4:07:12:56,-90,0689a0001805c050949573532
395,27-02-2024 12:13:04:584,-,0B:A7:9F:B9:93:6F,-86,1e0600010f2022cf37e399441885ef129583c9876e0a3cf9c77b03c2dbdd
396,27-02-2024 12:13:04:697,-,0B:A7:9F:B9:93:6F,-82,1e0600010f2022cf37e399441885ef129583c9876e0a3cf9c77b03c2dbdd
397,27-02-2024 12:13:04:910,-,0B:A7:9F:B9:93:6F,-93,1e0600010f2022cf37e399441885ef129583c9876e0a3cf9c77b03c2dbdd
398,27-02-2024 12:13:05:120,-,0B:A7:9F:B9:93:6F,-87,1e0600010f2022cf37e399441885ef129583c9876e0a3cf9c77b03c2dbdd
399,27-02-2024 12:13:05:192,IW52,7C:D9:F4:07:12:56,-87,0689a0001805c050949573532
400,27-02-2024 12:13:05:335,-,0B:A7:9F:B9:93:6F,-83,1e0600010f2022cf37e399441885ef129583c9876e0a3cf9c77b03c2dbdd
401,27-02-2024 12:13:05:433,-,0B:A7:9F:B9:93:6F,-86,1e0600010f2022cf37e399441885ef129583c9876e0a3cf9c77b03c2dbdd
402,27-02-2024 12:13:05:500,IW52,7C:D9:F4:07:12:56,-81,0689a0001805c050949573532
403,27-02-2024 12:13:05:513,IW31,7C:D9:F4:02:66:A7,-85,0689a00018066050949573331
404,27-02-2024 12:13:05:604,-,1B:62:03:8A:96:E4,-99,1e060001092022d84f909671512c2b277c3a6014d154b9146adbfb4da3f4
405,27-02-2024 12:13:05:638,-,EE:5E:7D:8C:3A:2F,-96,074c0012020001
406,27-02-2024 12:13:05:748,-,0B:A7:9F:B9:93:6F,-83,1e0600010f2022cf37e399441885ef129583c9876e0a3cf9c77b03c2dbdd
407,27-02-2024 12:13:05:857,-,0B:A7:9F:B9:93:6F,-86,1e0600010f2022cf37e399441885ef129583c9876e0a3cf9c77b03c2dbdd
408,27-02-2024 12:13:05:967,-,0B:A7:9F:B9:93:6F,-87,1e0600010f2022cf37e399441885ef129583c9876e0a3cf9c77b03c2dbdd
409,27-02-2024 12:13:06:071,-,0B:A7:9F:B9:93:6F,-90,1e0600010f2022cf37e399441885ef129583c9876e0a3cf9c77b03c2dbdd
410,27-02-2024 12:13:06:115,IW52,7C:D9:F4:07:12:56,-84,0689a0001805c050949573532
411,27-02-2024 12:13:06:170,-,0B:A7:9F:B9:93:6F,-86,1e0600010f2022cf37e399441885ef129583c9876e0a3cf9c77b03c2dbdd
412,27-02-2024 12:13:06:426,IW31,7C:D9:F4:02:66:A7,-74,0689a00018066050949573331
413,27-02-2024 12:13:06:589,-,0B:A7:9F:B9:93:6F,-84,1e0600010f2022cf37e399441885ef129583c9876e0a3cf9c77b03c2dbdd
414,27-02-2024 12:13:06:693,-,0B:A7:9F:B9:93:6F,-84,1e0600010f2022cf37e399441885ef129583c9876e0a3cf9c77b03c2dbdd
415,27-02-2024 12:13:06:730,IW52,7C:D9:F4:07:12:56,-84,0689a0001805c050949573532
416,27-02-2024 12:13:06:798,-,0B:A7:9F:B9:93:6F,-81,1e0600010f2022cf37e399441885ef129583c9876e0a3cf9c77b03c2dbdd
417,27-02-2024 12:13:06:909,-,0B:A7:9F:B9:93:6F,-87,1e0600010f2022cf37e399441885ef129583c9876e0a3cf9c77b03c2dbdd
418,27-02-2024 12:13:06:960,-,65:EC:06:46:63:B7,-95,0a4c0010050c1c11489f
419,27-02-2024 12:13:07:006,-,0B:A7:9F:B9:93:6F,-82,1e0600010f2022cf37e399441885ef129583c9876e0a3cf9c77b03c2dbdd
420,27-02-2024 12:13:07:107,-,0B:A7:9F:B9:93:6F,-90,1e0600010f2022cf37e399441885ef129583c9876e0a3cf9c77b03c2dbdd
421,27-02-2024 12:13:07:321,-,0B:A7:9F:B9:93:6F,-90,1e0600010f2022cf37e399441885ef129583c9876e0a3cf9c77b03c2dbdd
422,27-02-2024 12:13:07:420,-,0B:A7:9F:B9:93:6F,-83,1e0600010f2022cf37e399441885ef129583c9876e0a3cf9c77b03c2dbdd
423,27-02-2024 12:13:07:443,IW04,7C:D9:F4:03:99:BD,-93,0689a00018069050949573034
424,27-02-2024 12:13:07:524,-,0B:A7:9F:B9:93:6F,-86,1e0600010f2022cf37e399441885ef129583c9876e0a3cf9c77b03c2dbdd
425,27-02-2024 12:13:07:631,-,0B:A7:9F:B9:93:6F,-83,1e0600010f2022cf37e399441885ef129583c9876e0a3cf9c77b03c2dbdd
426,27-02-2024 12:13:07:654,IW31,7C:D9:F4:02:66:A7,-70,0689a00018066050949573331
427,27-02-2024 12:13:07:909,-,1B:62:03:8A:96:E4,-96,1e060001092022d84f909671512c2b277c3a6014d154b9146adbfb4da3f4
428,27-02-2024 12:13:07:951,-,0B:A7:9F:B9:93:6F,-90,1e0600010f2022cf37e399441885ef129583c9876e0a3cf9c77b03c2dbdd
429,27-02-2024 12:13:08:173, BSS-728,01:B6:EC:E1:3D:87,-95,0c1c990088a001b6ece13d870909204253532d373238
430,27-02-2024 12:13:08:265,-,0B:A7:9F:B9:93:6F,-84,1e0600010f2022cf37e399441885ef129583c9876e0a3cf9c77b03c2dbdd
431,27-02-2024 12:13:08:368,-,0B:A7:9F:B9:93:6F,-91,1e0600010f2022cf37e399441885ef129583c9876e0a3cf9c77b03c2dbdd
432,27-02-2024 12:13:08:431,-,1B:62:03:8A:96:E4,-94,1e060001092022d84f909671512c2b277c3a6014d154b9146adbfb4da3f4
433,27-02-2024 12:13:08:477,-,0B:A7:9F:B9:93:6F,-90,1e0600010f2022cf37e399441885ef129583c9876e0a3cf9c77b03c2dbdd
434,27-02-2024 12:13:08:573,IW52,7C:D9:F4:07:12:56,-85,0689a0001805c050949573532
435,27-02-2024 12:13:08:586,-,0B:A7:9F:B9:93:6F,-83,1e0600010f2022cf37e399441885ef129583c9876e0a3cf9c77b03c2dbdd
436,27-02-2024 12:13:08:689,-,0B:A7:9F:B9:93:6F,-85,1e0600010f2022cf37e399441885ef129583c9876e0a3cf9c77b03c2dbdd
437,27-02-2024 12:13:08:779, BSS-728,01:B6:EC:E1:3D:87,-96,0c1c990088a001b6ece13d870909204253532d373238
438,27-02-2024 12:13:08:789,-,0B:A7:9F:B9:93:6F,-87,1e0600010f2022cf37e399441885ef129583c9876e0a3cf9c77b03c2dbdd
439,27-02-2024 12:13:08:825,-,1F:23:06:49:2B:B1,-98,1e060001092026222efb2a15f3d3f1773b2bcd4964a8ab21b4aeee65b1a5
440,27-02-2024 12:13:08:889,-,0B:A7:9F:B9:93:6F,-69,1e0600010f2022cf37e399441885ef129583c9876e0a3cf9c77b03c2dbdd
441,27-02-2024 12:13:08:998,-,0B:A7:9F:B9:93:6F,-96,1e0600010f2022cf37e399441885ef129583c9876e0a3cf9c77b03c2dbdd
442,27-02-2024 12:13:09:109,-,0B:A7:9F:B9:93:6F,-90,1e0600010f2022cf37e399441885ef129583c9876e0a3cf9c77b03c2dbdd
443,27-02-2024 12:13:09:210,-,0B:A7:9F:B9:93:6F,-92,1e0600010f2022cf37e399441885ef129583c9876e0a3cf9c77b03c2dbdd
444,27-02-2024 12:13:09:275,-,1B:62:03:8A:96:E4,-96,1e060001092022d84f909671512c2b277c3a6014d154b9146adbfb4da3f4
445,27-02-2024 12:13:09:380,-,1B:62:03:8A:96:E4,-96,1e060001092022d84f909671512c2b277c3a6014d154b9146adbfb4da3f4
446,27-02-2024 12:13:09:418,-,0B:A7:9F:B9:93:6F,-86,1e0600010f2022cf37e399441885ef129583c9876e0a3cf9c77b03c2dbdd
447,27-02-2024 12:13:09:446,IW56,7C:D9:F4:1D:65:E1,-94,0689a0001805d050949573536
448,27-02-2024 12:13:09:526,-,0B:A7:9F:B9:93:6F,-84,1e0600010f2022cf37e399441885ef129583c9876e0a3cf9c77b03c2dbdd
449,27-02-2024 12:13:09:602, BSS-728,01:B6:EC:E1:3D:87,-95,0c1c990088a001b6ece13d870909204253532d373238
450,27-02-2024 12:13:09:631,-,0B:A7:9F:B9:93:6F,-84,1e0600010f2022cf37e399441885ef129583c9876e0a3cf9c77b03c2dbdd
451,27-02-2024 12:13:09:697,-,1B:62:03:8A:96:E4,-99,1e060001092022d84f909671512c2b277c3a6014d154b9146adbfb4da3f4
452,27-02-2024 12:13:09:732,-,0B:A7:9F:B9:93:6F,-93,1e0600010f2022cf37e399441885ef129583c9876e0a3cf9c77b03c2dbdd
453,27-02-2024 12:13:09:759,-,52:22:89:02:76:CE,-98,0b4c001006461d2e62ed38
454,27-02-2024 12:13:09:811,IW31,7C:D9:F4:02:66:A7,-72,0689a00018066050949573331
455,27-02-2024 12:13:10:219,-,1B:62:03:8A:96:E4,-99,1e060001092022d84f909671512c2b277c3a6014d154b9146adbfb4da3f4
456,27-02-2024 12:13:10:472,-,0B:A7:9F:B9:93:6F,-86,1e0600010f2022cf37e399441885ef129583c9876e0a3cf9c77b03c2dbdd
457,27-02-2024 12:13:10:581,-,0B:A7:9F:B9:93:6F,-86,1e0600010f2022cf37e399441885ef129583c9876e0a3cf9c77b03c2dbdd
458,27-02-2024 12:13:10:684,-,0B:A7:9F:B9:93:6F,-82,1e0600010f2022cf37e399441885ef129583c9876e0a3cf9c77b03c2dbdd
459,27-02-2024 12:13:10:786,-,0B:A7:9F:B9:93:6F,-90,1e0600010f2022cf37e399441885ef129583c9876e0a3cf9c77b03c2dbdd
460,27-02-2024 12:13:10:835,FB BSW053,FA:61:2E:65:0A:30,-57,0af0ef00fa612e650a300a09464220425357303533
461,27-02-2024 12:13:11:002,-,0B:A7:9F:B9:93:6F,-84,1e0600010f2022cf37e399441885ef129583c9876e0a3cf9c77b03c2dbdd
462,27-02-2024 12:13:11:210,-,0B:A7:9F:B9:93:6F,-90,1e0600010f2022cf37e399441885ef129583c9876e0a3cf9c77b03c2dbdd
463,27-02-2024 12:13:11:421,-,0B:A7:9F:B9:93:6F,-90,1e0600010f2022cf37e399441885ef129583c9876e0a3cf9c77b03c2dbdd
464,27-02-2024 12:13:11:525,-,0B:A7:9F:B9:93:6F,-86,1e0600010f2022cf37e399441885ef129583c9876e0a3cf9c77b03c2dbdd
465,27-02-2024 12:13:11:653,IW31,7C:D9:F4:02:66:A7,-68,0689a00018066050949573331
466,27-02-2024 12:13:11:738,-,0B:A7:9F:B9:93:6F,-82,1e0600010f2022cf37e399441885ef129583c9876e0a3cf9c77b03c2dbdd
467,27-02-2024 12:13:11:843,-,0B:A7:9F:B9:93:6F,-93,1e0600010f2022cf37e399441885ef129583c9876e0a3cf9c77b03c2dbdd
468,27-02-2024 12:13:11:889,-,1B:62:03:8A:96:E4,-96,1e060001092022d84f909671512c2b277c3a6014d154b9146adbfb4da3f4
469,27-02-2024 12:13:12:072, BSS-728,01:B6:EC:E1:3D:87,-96,0c1c990088a001b6ece13d870909204253532d373238
470,27-02-2024 12:13:12:116,-,48:89:A9:D4:80:B9,-97,0d4c00090813120ac2bfc61b58
471,27-02-2024 12:13:12:207,-,1B:62:03:8A:96:E4,-95,1e060001092022d84f909671512c2b277c3a6014d154b9146adbfb4da3f4
472,27-02-2024 12:13:12:267,-,0B:A7:9F:B9:93:6F,-90,1e0600010f2022cf37e399441885ef129583c9876e0a3cf9c77b03c2dbdd
473,27-02-2024 12:13:12:310,-,1B:62:03:8A:96:E4,-99,1e060001092022d84f909671512c2b277c3a6014d154b9146adbfb4da3f4
474,27-02-2024 12:13:12:478,-,0B:A7:9F:B9:93:6F,-90,1e0600010f2022cf37e399441885ef129583c9876e0a3cf9c77b03c2dbdd
475,27-02-2024 12:13:12:582,-,0B:A7:9F:B9:93:6F,-87,1e0600010f2022cf37e399441885ef129583c9876e0a3cf9c77b03c2dbdd
476,27-02-2024 12:13:12:686,-,0B:A7:9F:B9:93:6F,-83,1e0600010f2022cf37e399441885ef129583c9876e0a3cf9c77b03c2dbdd
477,27-02-2024 12:13:12:837,FB BSW053,FA:61:2E:65:0A:30,-47,0af0ef00fa612e650a300a09464220425357303533
478,27-02-2024 12:13:13:061,-,48:89:A9:D4:80:B9,-98,0d4c00090813120ac2bfc61b58
479,27-02-2024 12:13:13:110,-,0B:A7:9F:B9:93:6F,-84,1e0600010f2022cf37e399441885ef129583c9876e0a3cf9c77b03c2dbdd
480,27-02-2024 12:13:13:418,-,0B:A7:9F:B9:93:6F,-85,1e0600010f2022cf37e399441885ef129583c9876e0a3cf9c77b03c2dbdd
481,27-02-2024 12:13:13:524,-,0B:A7:9F:B9:93:6F,-85,1e0600010f2022cf37e399441885ef129583c9876e0a3cf9c77b03c2dbdd
482,27-02-2024 12:13:13:627,-,0B:A7:9F:B9:93:6F,-92,1e0600010f2022cf37e399441885ef129583c9876e0a3cf9c77b03c2dbdd
483,27-02-2024 12:13:13:649,-,EE:5E:7D:8C:3A:2F,-102,074c0012020001
484,27-02-2024 12:13:13:799,IW52,7C:D9:F4:07:12:56,-96,0689a0001805c050949573532
485,27-02-2024 12:13:13:807,IW31,7C:D9:F4:02:66:A7,-73,0689a00018066050949573331
486,27-02-2024 12:13:13:822,-,0B:A7:9F:B9:93:6F,-86,1e0600010f2022cf37e399441885ef129583c9876e0a3cf9c77b03c2dbdd
487,27-02-2024 12:13:13:860,-,48:89:A9:D4:80:B9,-101,0d4c00090813120ac2bfc61b58
488,27-02-2024 12:13:13:920,-,0B:A7:9F:B9:93:6F,-89,1e0600010f2022cf37e399441885ef129583c9876e0a3cf9c77b03c2dbdd
489,27-02-2024 12:13:13:925,-,1F:23:06:49:2B:B1,-105,1e060001092026222efb2a15f3d3f1773b2bcd4964a8ab21b4aeee65b1a5
490,27-02-2024 12:13:14:031,-,0B:A7:9F:B9:93:6F,-90,1e0600010f2022cf37e399441885ef129583c9876e0a3cf9c77b03c2dbdd
491,27-02-2024 12:13:14:052,IW56,7C:D9:F4:1D:65:E1,-97,0689a0001805d050949573536
492,27-02-2024 12:13:14:106,IW31,7C:D9:F4:02:66:A7,-71,0689a00018066050949573331
493,27-02-2024 12:13:14:135,-,0B:A7:9F:B9:93:6F,-85,1e0600010f2022cf37e399441885ef129583c9876e0a3cf9c77b03c2dbdd
494,27-02-2024 12:13:14:233,-,0B:A7:9F:B9:93:6F,-87,1e0600010f2022cf37e399441885ef129583c9876e0a3cf9c77b03c2dbdd
495,27-02-2024 12:13:14:408,IW52,7C:D9:F4:07:12:56,-84,0689a0001805c050949573532
496,27-02-2024 12:13:14:447,-,0B:A7:9F:B9:93:6F,-91,1e0600010f2022cf37e399441885ef129583c9876e0a3cf9c77b03c2dbdd
497,27-02-2024 12:13:14:551,-,0B:A7:9F:B9:93:6F,-91,1e0600010f2022cf37e399441885ef129583c9876e0a3cf9c77b03c2dbdd
498,27-02-2024 12:13:14:617,-,65:EC:06:46:63:B7,-96,0a4c0010050c1c11489f
499,27-02-2024 12:13:14:765,-,0B:A7:9F:B9:93:6F,-85,1e0600010f2022cf37e399441885ef129583c9876e0a3cf9c77b03c2dbdd
500,27-02-2024 12:13:14:841,FB BSW053,FA:61:2E:65:0A:30,-59,0af0ef00fa612e650a300a09464220425357303533
501,27-02-2024 12:13:14:865,-,0B:A7:9F:B9:93:6F,-96,1e0600010f2022cf37e399441885ef129583c9876e0a3cf9c77b03c2dbdd
502,27-02-2024 12:13:14:972,-,0B:A7:9F:B9:93:6F,-89,1e0600010f2022cf37e399441885ef129583c9876e0a3cf9c77b03c2dbdd
503,27-02-2024 12:13:15:041,IW11,7C:D9:F4:00:41:91,-91,0689a00018066050949573131
504,27-02-2024 12:13:15:074,-,0B:A7:9F:B9:93:6F,-90,1e0600010f2022cf37e399441885ef129583c9876e0a3cf9c77b03c2dbdd
505,27-02-2024 12:13:15:275,-,0B:A7:9F:B9:93:6F,-93,1e0600010f2022cf37e399441885ef129583c9876e0a3cf9c77b03c2dbdd
506,27-02-2024 12:13:15:382,-,0B:A7:9F:B9:93:6F,-87,1e0600010f2022cf37e399441885ef129583c9876e0a3cf9c77b03c2dbdd
507,27-02-2024 12:13:15:588,IW56,7C:D9:F4:1D:65:E1,-93,0689a0001805d050949573536
508,27-02-2024 12:13:15:594,-,0B:A7:9F:B9:93:6F,-83,1e0600010f2022cf37e399441885ef129583c9876e0a3cf9c77b03c2dbdd
509,27-02-2024 12:13:15:643,-,EE:5E:7D:8C:3A:2F,-95,074c0012020001
510,27-02-2024 12:13:15:702,-,0B:A7:9F:B9:93:6F,-93,1e0600010f2022cf37e399441885ef129583c9876e0a3cf9c77b03c2dbdd
511,27-02-2024 12:13:15:769,-,1B:62:03:8A:96:E4,-99,1e060001092022d84f909671512c2b277c3a6014d154b9146adbfb4da3f4
512,27-02-2024 12:13:15:806,-,0B:A7:9F:B9:93:6F,-84,1e0600010f2022cf37e399441885ef129583c9876e0a3cf9c77b03c2dbdd
513,27-02-2024 12:13:15:872,-,1B:62:03:8A:96:E4,-98,1e060001092022d84f909671512c2b277c3a6014d154b9146adbfb4da3f4
514,27-02-2024 12:13:15:912,-,0B:A7:9F:B9:93:6F,-90,1e0600010f2022cf37e399441885ef129583c9876e0a3cf9c77b03c2dbdd
515,27-02-2024 12:13:15:949,IW31,7C:D9:F4:02:66:A7,-74,0689a00018066050949573331
516,27-02-2024 12:13:16:357, BSS-728,01:B6:EC:E1:3D:87,-93,0c1c990088a001b6ece13d870909204253532d373238
517,27-02-2024 12:13:16:514,IW56,7C:D9:F4:1D:65:E1,-98,0689a0001805d050949573536
518,27-02-2024 12:13:16:545,-,0B:A7:9F:B9:93:6F,-85,1e0600010f2022cf37e399441885ef129583c9876e0a3cf9c77b03c2dbdd
519,27-02-2024 12:13:16:582,IW11,7C:D9:F4:00:41:91,-89,0689a00018066050949573131
520,27-02-2024 12:13:16:654,-,0B:A7:9F:B9:93:6F,-84,1e0600010f2022cf37e399441885ef129583c9876e0a3cf9c77b03c2dbdd
521,27-02-2024 12:13:16:706,-,1B:62:03:8A:96:E4,-96,1e060001092022d84f909671512c2b277c3a6014d154b9146adbfb4da3f4
522,27-02-2024 12:13:16:753,-,0B:A7:9F:B9:93:6F,-93,1e0600010f2022cf37e399441885ef129583c9876e0a3cf9c77b03c2dbdd
523,27-02-2024 12:13:16:856,-,0B:A7:9F:B9:93:6F,-86,1e0600010f2022cf37e399441885ef129583c9876e0a3cf9c77b03c2dbdd
524,27-02-2024 12:13:16:870,IW52,7C:D9:F4:07:12:56,-84,0689a0001805c050949573532
525,27-02-2024 12:13:17:015,-,1B:62:03:8A:96:E4,-99,1e060001092022d84f909671512c2b277c3a6014d154b9146adbfb4da3f4
526,27-02-2024 12:13:17:166,-,0B:A7:9F:B9:93:6F,-87,1e0600010f2022cf37e399441885ef129583c9876e0a3cf9c77b03c2dbdd
527,27-02-2024 12:13:17:178,IW52,7C:D9:F4:07:12:56,-83,0689a0001805c050949573532
528,27-02-2024 12:13:17:277,-,0B:A7:9F:B9:93:6F,-83,1e0600010f2022cf37e399441885ef129583c9876e0a3cf9c77b03c2dbdd
529,27-02-2024 12:13:17:379,-,0B:A7:9F:B9:93:6F,-96,1e0600010f2022cf37e399441885ef129583c9876e0a3cf9c77b03c2dbdd
530,27-02-2024 12:13:17:424,-,1B:62:03:8A:96:E4,-95,1e060001092022d84f909671512c2b277c3a6014d154b9146adbfb4da3f4
531,27-02-2024 12:13:17:591,-,0B:A7:9F:B9:93:6F,-90,1e0600010f2022cf37e399441885ef129583c9876e0a3cf9c77b03c2dbdd
532,27-02-2024 12:13:17:699,-,0B:A7:9F:B9:93:6F,-90,1e0600010f2022cf37e399441885ef129583c9876e0a3cf9c77b03c2dbdd
533,27-02-2024 12:13:17:705,-,1F:23:06:49:2B:B1,-99,1e060001092026222efb2a15f3d3f1773b2bcd4964a8ab21b4aeee65b1a5
534,27-02-2024 12:13:17:733,-,1B:62:03:8A:96:E4,-97,1e060001092022d84f909671512c2b277c3a6014d154b9146adbfb4da3f4
535,27-02-2024 12:13:17:763,-,69:C6:3B:3C:3C:39,-101,0b4c001006461d2e62ed38
536,27-02-2024 12:13:17:794,IW52,7C:D9:F4:07:12:56,-97,0689a0001805c050949573532
537,27-02-2024 12:13:17:801,IW31,7C:D9:F4:02:66:A7,-75,0689a00018066050949573331
538,27-02-2024 12:13:17:809,-,0B:A7:9F:B9:93:6F,-87,1e0600010f2022cf37e399441885ef129583c9876e0a3cf9c77b03c2dbdd
539,27-02-2024 12:13:17:833,-,1B:62:03:8A:96:E4,-93,1e060001092022d84f909671512c2b277c3a6014d154b9146adbfb4da3f4
540,27-02-2024 12:13:18:106,IW31,7C:D9:F4:02:66:A7,-74,0689a00018066050949573331
541,27-02-2024 12:13:18:112,-,0B:A7:9F:B9:93:6F,-83,1e0600010f2022cf37e399441885ef129583c9876e0a3cf9c77b03c2dbdd
542,27-02-2024 12:13:18:215, BSS-728,01:B6:EC:E1:3D:87,-93,0c1c990088a001b6ece13d870909204253532d373238
543,27-02-2024 12:13:18:221,-,0B:A7:9F:B9:93:6F,-83,1e0600010f2022cf37e399441885ef129583c9876e0a3cf9c77b03c2dbdd
544,27-02-2024 12:13:18:318,-,0B:A7:9F:B9:93:6F,-90,1e0600010f2022cf37e399441885ef129583c9876e0a3cf9c77b03c2dbdd
545,27-02-2024 12:13:18:409,IW52,7C:D9:F4:07:12:56,-90,0689a0001805c050949573532
546,27-02-2024 12:13:18:418,-,0B:A7:9F:B9:93:6F,-83,1e0600010f2022cf37e399441885ef129583c9876e0a3cf9c77b03c2dbdd
547,27-02-2024 12:13:18:623,-,0B:A7:9F:B9:93:6F,-93,1e0600010f2022cf37e399441885ef129583c9876e0a3cf9c77b03c2dbdd
548,27-02-2024 12:13:18:663,IW56,7C:D9:F4:1D:65:E1,-98,0689a0001805d050949573536
549,27-02-2024 12:13:18:720,IW31,7C:D9:F4:02:66:A7,-72,0689a00018066050949573331
550,27-02-2024 12:13:18:727,-,0B:A7:9F:B9:93:6F,-84,1e0600010f2022cf37e399441885ef129583c9876e0a3cf9c77b03c2dbdd
551,27-02-2024 12:13:18:834,-,0B:A7:9F:B9:93:6F,-87,1e0600010f2022cf37e399441885ef129583c9876e0a3cf9c77b03c2dbdd
552,27-02-2024 12:13:18:870,-,1B:62:03:8A:96:E4,-93,1e060001092022d84f909671512c2b277c3a6014d154b9146adbfb4da3f4
553,27-02-2024 12:13:18:935,-,0B:A7:9F:B9:93:6F,-87,1e0600010f2022cf37e399441885ef129583c9876e0a3cf9c77b03c2dbdd
554,27-02-2024 12:13:19:040,-,0B:A7:9F:B9:93:6F,-93,1e0600010f2022cf37e399441885ef129583c9876e0a3cf9c77b03c2dbdd
555,27-02-2024 12:13:19:144,-,0B:A7:9F:B9:93:6F,-87,1e0600010f2022cf37e399441885ef129583c9876e0a3cf9c77b03c2dbdd
556,27-02-2024 12:13:19:192,-,1B:62:03:8A:96:E4,-99,1e060001092022d84f909671512c2b277c3a6014d154b9146adbfb4da3f4
557,27-02-2024 12:13:19:266,-,65:EC:06:46:63:B7,-96,0a4c0010050c1c11489f
558,27-02-2024 12:13:19:354,-,0B:A7:9F:B9:93:6F,-83,1e0600010f2022cf37e399441885ef129583c9876e0a3cf9c77b03c2dbdd
559,27-02-2024 12:13:19:399,-,1B:62:03:8A:96:E4,-102,1e060001092022d84f909671512c2b277c3a6014d154b9146adbfb4da3f4
560,27-02-2024 12:13:19:457,-,0B:A7:9F:B9:93:6F,-84,1e0600010f2022cf37e399441885ef129583c9876e0a3cf9c77b03c2dbdd
561,27-02-2024 12:13:19:640,IW31,7C:D9:F4:02:66:A7,-67,0689a00018066050949573331
562,27-02-2024 12:13:19:671,-,0B:A7:9F:B9:93:6F,-82,1e0600010f2022cf37e399441885ef129583c9876e0a3cf9c77b03c2dbdd
563,27-02-2024 12:13:19:770,-,0B:A7:9F:B9:93:6F,-82,1e0600010f2022cf37e399441885ef129583c9876e0a3cf9c77b03c2dbdd
564,27-02-2024 12:13:19:883,-,0B:A7:9F:B9:93:6F,-83,1e0600010f2022cf37e399441885ef129583c9876e0a3cf9c77b03c2dbdd
565,27-02-2024 12:13:19:987,-,0B:A7:9F:B9:93:6F,-89,1e0600010f2022cf37e399441885ef129583c9876e0a3cf9c77b03c2dbdd
566,27-02-2024 12:13:20:098,-,0B:A7:9F:B9:93:6F,-89,1e0600010f2022cf37e399441885ef129583c9876e0a3cf9c77b03c2dbdd
567,27-02-2024 12:13:20:197,-,0B:A7:9F:B9:93:6F,-80,1e0600010f2022cf37e399441885ef129583c9876e0a3cf9c77b03c2dbdd
568,27-02-2024 12:13:20:258,IW31,7C:D9:F4:02:66:A7,-84,0689a00018066050949573331
569,27-02-2024 12:13:20:303,-,0B:A7:9F:B9:93:6F,-94,1e0600010f2022cf37e399441885ef129583c9876e0a3cf9c77b03c2dbdd
570,27-02-2024 12:13:20:335,-,1B:62:03:8A:96:E4,-99,1e060001092022d84f909671512c2b277c3a6014d154b9146adbfb4da3f4
571,27-02-2024 12:13:20:513,-,0B:A7:9F:B9:93:6F,-87,1e0600010f2022cf37e399441885ef129583c9876e0a3cf9c77b03c2dbdd
572,27-02-2024 12:13:20:646,-,1B:62:03:8A:96:E4,-95,1e060001092022d84f909671512c2b277c3a6014d154b9146adbfb4da3f4
573,27-02-2024 12:13:20:723,-,0B:A7:9F:B9:93:6F,-81,1e0600010f2022cf37e399441885ef129583c9876e0a3cf9c77b03c2dbdd
574,27-02-2024 12:13:20:744,-,1B:62:03:8A:96:E4,-95,1e060001092022d84f909671512c2b277c3a6014d154b9146adbfb4da3f4
575,27-02-2024 12:13:20:826,-,0B:A7:9F:B9:93:6F,-89,1e0600010f2022cf37e399441885ef129583c9876e0a3cf9c77b03c2dbdd
576,27-02-2024 12:13:21:035,-,0B:A7:9F:B9:93:6F,-81,1e0600010f2022cf37e399441885ef129583c9876e0a3cf9c77b03c2dbdd
577,27-02-2024 12:13:21:176,IW31,7C:D9:F4:02:66:A7,-69,0689a00018066050949573331
578,27-02-2024 12:13:21:353,-,0B:A7:9F:B9:93:6F,-99,1e0600010f2022cf37e399441885ef129583c9876e0a3cf9c77b03c2dbdd
579,27-02-2024 12:13:21:452,-,0B:A7:9F:B9:93:6F,-87,1e0600010f2022cf37e399441885ef129583c9876e0a3cf9c77b03c2dbdd
580,27-02-2024 12:13:21:488,IW31,7C:D9:F4:02:66:A7,-72,0689a00018066050949573331
581,27-02-2024 12:13:21:568,-,0B:A7:9F:B9:93:6F,-102,1e0600010f2022cf37e399441885ef129583c9876e0a3cf9c77b03c2dbdd
582,27-02-2024 12:13:21:769,-,0B:A7:9F:B9:93:6F,-94,1e0600010f2022cf37e399441885ef129583c9876e0a3cf9c77b03c2dbdd
583,27-02-2024 12:13:21:874,-,0B:A7:9F:B9:93:6F,-84,1e0600010f2022cf37e399441885ef129583c9876e0a3cf9c77b03c2dbdd
584,27-02-2024 12:13:22:093,-,0B:A7:9F:B9:93:6F,-79,1e0600010f2022cf37e399441885ef129583c9876e0a3cf9c77b03c2dbdd
585,27-02-2024 12:13:22:100,IW52,7C:D9:F4:07:12:56,-83,0689a0001805c050949573532
586,27-02-2024 12:13:22:302,-,0B:A7:9F:B9:93:6F,-84,1e0600010f2022cf37e399441885ef129583c9876e0a3cf9c77b03c2dbdd
587,27-02-2024 12:13:22:411,IW31,7C:D9:F4:02:66:A7,-78,0689a00018066050949573331
588,27-02-2024 12:13:22:514,-,0B:A7:9F:B9:93:6F,-91,1e0600010f2022cf37e399441885ef129583c9876e0a3cf9c77b03c2dbdd
589,27-02-2024 12:13:22:616,-,0B:A7:9F:B9:93:6F,-85,1e0600010f2022cf37e399441885ef129583c9876e0a3cf9c77b03c2dbdd
590,27-02-2024 12:13:22:860,FB BSW053,FA:61:2E:65:0A:30,-49,0af0ef00fa612e650a300a09464220425357303533
591,27-02-2024 12:13:23:571,-,0B:A7:9F:B9:93:6F,-84,1e0600010f2022cf37e399441885ef129583c9876e0a3cf9c77b03c2dbdd
592,27-02-2024 12:13:23:647,IW31,7C:D9:F4:02:66:A7,-69,0689a00018066050949573331
593,27-02-2024 12:13:23:777,-,0B:A7:9F:B9:93:6F,-94,1e0600010f2022cf37e399441885ef129583c9876e0a3cf9c77b03c2dbdd
594,27-02-2024 12:13:24:498,-,0B:A7:9F:B9:93:6F,-90,1e0600010f2022cf37e399441885ef129583c9876e0a3cf9c77b03c2dbdd
595,27-02-2024 12:13:24:819,-,0B:A7:9F:B9:93:6F,-75,1e0600010f2022cf37e399441885ef129583c9876e0a3cf9c77b03c2dbdd
596,27-02-2024 12:13:25:131,IW56,7C:D9:F4:1D:65:E1,-93,0689a0001805d050949573536
597,27-02-2024 12:13:25:487,IW52,7C:D9:F4:07:12:56,-81,0689a0001805c050949573532
598,27-02-2024 12:13:25:554,-,0B:A7:9F:B9:93:6F,-87,1e0600010f2022cf37e399441885ef129583c9876e0a3cf9c77b03c2dbdd
599,27-02-2024 12:13:25:665,-,0B:A7:9F:B9:93:6F,-89,1e0600010f2022cf37e399441885ef129583c9876e0a3cf9c77b03c2dbdd
600,27-02-2024 12:13:25:873,-,1B:62:03:8A:96:E4,-96,1e060001092022d84f909671512c2b277c3a6014d154b9146adbfb4da3f4
601,27-02-2024 12:13:25:898,-,1F:23:06:49:2B:B1,-99,1e060001092026222efb2a15f3d3f1773b2bcd4964a8ab21b4aeee65b1a5
602,27-02-2024 12:13:26:008,-,1F:23:06:49:2B:B1,-98,1e060001092026222efb2a15f3d3f1773b2bcd4964a8ab21b4aeee65b1a5
603,27-02-2024 12:13:26:191,-,0B:A7:9F:B9:93:6F,-93,1e0600010f2022cf37e399441885ef129583c9876e0a3cf9c77b03c2dbdd
604,27-02-2024 12:13:26:358,IW56,7C:D9:F4:1D:65:E1,-98,0689a0001805d050949573536
605,27-02-2024 12:13:26:406,-,0B:A7:9F:B9:93:6F,-81,1e0600010f2022cf37e399441885ef129583c9876e0a3cf9c77b03c2dbdd
606,27-02-2024 12:13:26:510,-,0B:A7:9F:B9:93:6F,-89,1e0600010f2022cf37e399441885ef129583c9876e0a3cf9c77b03c2dbdd
607,27-02-2024 12:13:26:719,-,0B:A7:9F:B9:93:6F,-93,1e0600010f2022cf37e399441885ef129583c9876e0a3cf9c77b03c2dbdd
608,27-02-2024 12:13:26:805,-,1B:62:03:8A:96:E4,-99,1e060001092022d84f909671512c2b277c3a6014d154b9146adbfb4da3f4
609,27-02-2024 12:13:26:824,-,0B:A7:9F:B9:93:6F,-88,1e0600010f2022cf37e399441885ef129583c9876e0a3cf9c77b03c2dbdd
610,27-02-2024 12:13:27:030, BSS-728,01:B6:EC:E1:3D:87,-95,0c1c990088a001b6ece13d870909204253532d373238
611,27-02-2024 12:13:27:147,-,0B:A7:9F:B9:93:6F,-80,1e0600010f2022cf37e399441885ef129583c9876e0a3cf9c77b03c2dbdd
612,27-02-2024 12:13:27:155,-,1F:23:06:49:2B:B1,-105,1e060001092026222efb2a15f3d3f1773b2bcd4964a8ab21b4aeee65b1a5
613,27-02-2024 12:13:27:334,IW31,7C:D9:F4:02:66:A7,-73,0689a00018066050949573331
614,27-02-2024 12:13:27:466,-,0B:A7:9F:B9:93:6F,-86,1e0600010f2022cf37e399441885ef129583c9876e0a3cf9c77b03c2dbdd
615,27-02-2024 12:13:27:639,IW52,7C:D9:F4:07:12:56,-87,0689a0001805c050949573532
616,27-02-2024 12:13:27:680,-,0B:A7:9F:B9:93:6F,-81,1e0600010f2022cf37e399441885ef129583c9876e0a3cf9c77b03c2dbdd
617,27-02-2024 12:13:27:690,-,EE:5E:7D:8C:3A:2F,-96,074c0012020001
618,27-02-2024 12:13:27:849, BSS-728,01:B6:EC:E1:3D:87,-96,0c1c990088a001b6ece13d870909204253532d373238
619,27-02-2024 12:13:27:857,-,1B:62:03:8A:96:E4,-95,1e060001092022d84f909671512c2b277c3a6014d154b9146adbfb4da3f4
620,27-02-2024 12:13:27:884,-,0B:A7:9F:B9:93:6F,-87,1e0600010f2022cf37e399441885ef129583c9876e0a3cf9c77b03c2dbdd
621,27-02-2024 12:13:28:057,-,1B:62:03:8A:96:E4,-96,1e060001092022d84f909671512c2b277c3a6014d154b9146adbfb4da3f4
622,27-02-2024 12:13:28:075,-,65:EC:06:46:63:B7,-96,0a4c0010050c1c11489f
623,27-02-2024 12:13:28:088,-,0B:A7:9F:B9:93:6F,-83,1e0600010f2022cf37e399441885ef129583c9876e0a3cf9c77b03c2dbdd
624,27-02-2024 12:13:28:193,-,0B:A7:9F:B9:93:6F,-83,1e0600010f2022cf37e399441885ef129583c9876e0a3cf9c77b03c2dbdd
625,27-02-2024 12:13:28:549,IW52,7C:D9:F4:07:12:56,-87,0689a0001805c050949573532
626,27-02-2024 12:13:28:610,-,0B:A7:9F:B9:93:6F,-90,1e0600010f2022cf37e399441885ef129583c9876e0a3cf9c77b03c2dbdd
627,27-02-2024 12:13:28:710,-,0B:A7:9F:B9:93:6F,-82,1e0600010f2022cf37e399441885ef129583c9876e0a3cf9c77b03c2dbdd
628,27-02-2024 12:13:28:879,FB BSW053,FA:61:2E:65:0A:30,-61,0af0ef00fa612e650a300a09464220425357303533
629,27-02-2024 12:13:29:006,-,1B:62:03:8A:96:E4,-102,1e060001092022d84f909671512c2b277c3a6014d154b9146adbfb4da3f4
630,27-02-2024 12:13:29:180,IW31,7C:D9:F4:02:66:A7,-76,0689a00018066050949573331
631,27-02-2024 12:13:29:195,IW11,7C:D9:F4:00:41:91,-81,0689a00018066050949573131
632,27-02-2024 12:13:29:521,-,1B:62:03:8A:96:E4,-97,1e060001092022d84f909671512c2b277c3a6014d154b9146adbfb4da3f4
633,27-02-2024 12:13:29:560,-,F5:78:08:3D:52:EF,-81,074c0012020000
634,27-02-2024 12:13:29:741,-,1B:62:03:8A:96:E4,-97,1e060001092022d84f909671512c2b277c3a6014d154b9146adbfb4da3f4
635,27-02-2024 12:13:29:813,IW11,7C:D9:F4:00:41:91,-87,0689a00018066050949573131
636,27-02-2024 12:13:29:974,-,1F:23:06:49:2B:B1,-96,1e060001092026222efb2a15f3d3f1773b2bcd4964a8ab21b4aeee65b1a5
637,27-02-2024 12:13:30:069,-,0B:A7:9F:B9:93:6F,-82,1e0600010f2022cf37e399441885ef129583c9876e0a3cf9c77b03c2dbdd
638,27-02-2024 12:13:30:121,IW11,7C:D9:F4:00:41:91,-80,0689a00018066050949573131
639,27-02-2024 12:13:30:179,-,0B:A7:9F:B9:93:6F,-89,1e0600010f2022cf37e399441885ef129583c9876e0a3cf9c77b03c2dbdd
640,27-02-2024 12:13:30:290,-,0B:A7:9F:B9:93:6F,-96,1e0600010f2022cf37e399441885ef129583c9876e0a3cf9c77b03c2dbdd
641,27-02-2024 12:13:30:414,IW52,7C:D9:F4:07:12:56,-82,0689a0001805c050949573532
642,27-02-2024 12:13:30:429,IW11,7C:D9:F4:00:41:91,-81,0689a00018066050949573131
643,27-02-2024 12:13:30:494,-,0B:A7:9F:B9:93:6F,-80,1e0600010f2022cf37e399441885ef129583c9876e0a3cf9c77b03c2dbdd
644,27-02-2024 12:13:30:595,-,0B:A7:9F:B9:93:6F,-92,1e0600010f2022cf37e399441885ef129583c9876e0a3cf9c77b03c2dbdd
645,27-02-2024 12:13:30:719,IW31,7C:D9:F4:02:66:A7,-75,0689a00018066050949573331
646,27-02-2024 12:13:30:798,-,0B:A7:9F:B9:93:6F,-90,1e0600010f2022cf37e399441885ef129583c9876e0a3cf9c77b03c2dbdd
647,27-02-2024 12:13:30:902,-,0B:A7:9F:B9:93:6F,-90,1e0600010f2022cf37e399441885ef129583c9876e0a3cf9c77b03c2dbdd
648,27-02-2024 12:13:31:026,IW31,7C:D9:F4:02:66:A7,-86,0689a00018066050949573331
649,27-02-2024 12:13:31:114,-,0B:A7:9F:B9:93:6F,-90,1e0600010f2022cf37e399441885ef129583c9876e0a3cf9c77b03c2dbdd
650,27-02-2024 12:13:31:209,-,1B:62:03:8A:96:E4,-95,1e060001092022d84f909671512c2b277c3a6014d154b9146adbfb4da3f4
651,27-02-2024 12:13:31:218,-,0B:A7:9F:B9:93:6F,-93,1e0600010f2022cf37e399441885ef129583c9876e0a3cf9c77b03c2dbdd
652,27-02-2024 12:13:31:268,-,48:89:A9:D4:80:B9,-98,0d4c00090813120ac2bfc61b58
653,27-02-2024 12:13:31:321,-,0B:A7:9F:B9:93:6F,-81,1e0600010f2022cf37e399441885ef129583c9876e0a3cf9c77b03c2dbdd
654,27-02-2024 12:13:31:330,IW52,7C:D9:F4:07:12:56,-84,0689a0001805c050949573532
655,27-02-2024 12:13:31:421,-,0B:A7:9F:B9:93:6F,-87,1e0600010f2022cf37e399441885ef129583c9876e0a3cf9c77b03c2dbdd
656,27-02-2024 12:13:31:637,IW52,7C:D9:F4:07:12:56,-82,0689a0001805c050949573532
657,27-02-2024 12:13:31:648,-,0B:A7:9F:B9:93:6F,-93,1e0600010f2022cf37e399441885ef129583c9876e0a3cf9c77b03c2dbdd
658,27-02-2024 12:13:31:733,-,1B:62:03:8A:96:E4,-98,1e060001092022d84f909671512c2b277c3a6014d154b9146adbfb4da3f4
659,27-02-2024 12:13:31:742,-,0B:A7:9F:B9:93:6F,-81,1e0600010f2022cf37e399441885ef129583c9876e0a3cf9c77b03c2dbdd
660,27-02-2024 12:13:31:843,-,0B:A7:9F:B9:93:6F,-87,1e0600010f2022cf37e399441885ef129583c9876e0a3cf9c77b03c2dbdd
661,27-02-2024 12:13:31:949,IW31,7C:D9:F4:02:66:A7,-78,0689a00018066050949573331
662,27-02-2024 12:13:32:056,-,0B:A7:9F:B9:93:6F,-96,1e0600010f2022cf37e399441885ef129583c9876e0a3cf9c77b03c2dbdd
663,27-02-2024 12:13:32:154,-,1B:62:03:8A:96:E4,-98,1e060001092022d84f909671512c2b277c3a6014d154b9146adbfb4da3f4
664,27-02-2024 12:13:32:261,-,0B:A7:9F:B9:93:6F,-90,1e0600010f2022cf37e399441885ef129583c9876e0a3cf9c77b03c2dbdd
665,27-02-2024 12:13:32:269,IW11,7C:D9:F4:00:41:91,-86,0689a00018066050949573131
666,27-02-2024 12:13:32:366,-,0B:A7:9F:B9:93:6F,-89,1e0600010f2022cf37e399441885ef129583c9876e0a3cf9c77b03c2dbdd
667,27-02-2024 12:13:32:477,-,0B:A7:9F:B9:93:6F,-96,1e0600010f2022cf37e399441885ef129583c9876e0a3cf9c77b03c2dbdd
668,27-02-2024 12:13:32:562,-,1B:62:03:8A:96:E4,-97,1e060001092022d84f909671512c2b277c3a6014d154b9146adbfb4da3f4
669,27-02-2024 12:13:32:585,-,0B:A7:9F:B9:93:6F,-93,1e0600010f2022cf37e399441885ef129583c9876e0a3cf9c77b03c2dbdd
670,27-02-2024 12:13:32:684,-,0B:A7:9F:B9:93:6F,-87,1e0600010f2022cf37e399441885ef129583c9876e0a3cf9c77b03c2dbdd
671,27-02-2024 12:13:32:777, BSS-728,01:B6:EC:E1:3D:87,-97,0c1c990088a001b6ece13d870909204253532d373238
672,27-02-2024 12:13:32:788,-,0B:A7:9F:B9:93:6F,-86,1e0600010f2022cf37e399441885ef129583c9876e0a3cf9c77b03c2dbdd
673,27-02-2024 12:13:32:893,-,0B:A7:9F:B9:93:6F,-90,1e0600010f2022cf37e399441885ef129583c9876e0a3cf9c77b03c2dbdd
674,27-02-2024 12:13:33:002,-,0B:A7:9F:B9:93:6F,-90,1e0600010f2022cf37e399441885ef129583c9876e0a3cf9c77b03c2dbdd
675,27-02-2024 12:13:33:087,-,1F:23:06:49:2B:B1,-102,1e060001092026222efb2a15f3d3f1773b2bcd4964a8ab21b4aeee65b1a5
676,27-02-2024 12:13:33:101,-,0B:A7:9F:B9:93:6F,-87,1e0600010f2022cf37e399441885ef129583c9876e0a3cf9c77b03c2dbdd
677,27-02-2024 12:13:33:175,IW52,7C:D9:F4:07:12:56,-81,0689a0001805c050949573532
678,27-02-2024 12:13:33:484,IW52,7C:D9:F4:07:12:56,-83,0689a0001805c050949573532
679,27-02-2024 12:13:33:622,-,0B:A7:9F:B9:93:6F,-87,1e0600010f2022cf37e399441885ef129583c9876e0a3cf9c77b03c2dbdd
680,27-02-2024 12:13:33:727,-,0B:A7:9F:B9:93:6F,-96,1e0600010f2022cf37e399441885ef129583c9876e0a3cf9c77b03c2dbdd
681,27-02-2024 12:13:33:793,IW52,7C:D9:F4:07:12:56,-83,0689a0001805c050949573532
682,27-02-2024 12:13:34:047,-,0B:A7:9F:B9:93:6F,-94,1e0600010f2022cf37e399441885ef129583c9876e0a3cf9c77b03c2dbdd
683,27-02-2024 12:13:34:100,IW52,7C:D9:F4:07:12:56,-84,0689a0001805c050949573532
684,27-02-2024 12:13:34:369,-,0B:A7:9F:B9:93:6F,-81,1e0600010f2022cf37e399441885ef129583c9876e0a3cf9c77b03c2dbdd
685,27-02-2024 12:13:34:588,-,0B:A7:9F:B9:93:6F,-90,1e0600010f2022cf37e399441885ef129583c9876e0a3cf9c77b03c2dbdd
686,27-02-2024 12:13:34:643,-,1B:62:03:8A:96:E4,-105,1e060001092022d84f909671512c2b277c3a6014d154b9146adbfb4da3f4
687,27-02-2024 12:13:34:715,IW52,7C:D9:F4:07:12:56,-86,0689a0001805c050949573532
688,27-02-2024 12:13:34:728,IW31,7C:D9:F4:02:66:A7,-78,0689a00018066050949573331
689,27-02-2024 12:13:34:786,-,0B:A7:9F:B9:93:6F,-87,1e0600010f2022cf37e399441885ef129583c9876e0a3cf9c77b03c2dbdd
690,27-02-2024 12:13:34:886,-,0B:A7:9F:B9:93:6F,-83,1e0600010f2022cf37e399441885ef129583c9876e0a3cf9c77b03c2dbdd
691,27-02-2024 12:13:35:281,IW56,7C:D9:F4:1D:65:E1,-93,0689a0001805d050949573536
692,27-02-2024 12:13:35:302,-,0B:A7:9F:B9:93:6F,-95,1e0600010f2022cf37e399441885ef129583c9876e0a3cf9c77b03c2dbdd
693,27-02-2024 12:13:35:329,IW52,7C:D9:F4:07:12:56,-86,0689a0001805c050949573532
694,27-02-2024 12:13:35:509,-,0B:A7:9F:B9:93:6F,-83,1e0600010f2022cf37e399441885ef129583c9876e0a3cf9c77b03c2dbdd
695,27-02-2024 12:13:35:595,-,1B:62:03:8A:96:E4,-97,1e060001092022d84f909671512c2b277c3a6014d154b9146adbfb4da3f4
696,27-02-2024 12:13:35:612,-,0B:A7:9F:B9:93:6F,-83,1e0600010f2022cf37e399441885ef129583c9876e0a3cf9c77b03c2dbdd
697,27-02-2024 12:13:35:636,IW52,7C:D9:F4:07:12:56,-86,0689a0001805c050949573532
698,27-02-2024 12:13:35:717,-,0B:A7:9F:B9:93:6F,-95,1e0600010f2022cf37e399441885ef129583c9876e0a3cf9c77b03c2dbdd
699,27-02-2024 12:13:35:826,-,0B:A7:9F:B9:93:6F,-95,1e0600010f2022cf37e399441885ef129583c9876e0a3cf9c77b03c2dbdd
700,27-02-2024 12:13:35:843, BSS-728,01:B6:EC:E1:3D:87,-98,0c1c990088a001b6ece13d870909204253532d373238
701,27-02-2024 12:13:36:015,-,1B:62:03:8A:96:E4,-96,1e060001092022d84f909671512c2b277c3a6014d154b9146adbfb4da3f4
702,27-02-2024 12:13:36:042, BSS-728,01:B6:EC:E1:3D:87,-98,0c1c990088a001b6ece13d870909204253532d373238
703,27-02-2024 12:13:36:118,-,1B:62:03:8A:96:E4,-97,1e060001092022d84f909671512c2b277c3a6014d154b9146adbfb4da3f4
704,27-02-2024 12:13:36:550,-,0B:A7:9F:B9:93:6F,-83,1e0600010f2022cf37e399441885ef129583c9876e0a3cf9c77b03c2dbdd
705,27-02-2024 12:13:36:815,IW56,7C:D9:F4:1D:65:E1,-92,0689a0001805d050949573536
706,27-02-2024 12:13:36:874,-,0B:A7:9F:B9:93:6F,-90,1e0600010f2022cf37e399441885ef129583c9876e0a3cf9c77b03c2dbdd
707,27-02-2024 12:13:36:915,FB BSW053,FA:61:2E:65:0A:30,-47,0af0ef00fa612e650a300a09464220425357303533
708,27-02-2024 12:13:36:977,-,0B:A7:9F:B9:93:6F,-92,1e0600010f2022cf37e399441885ef129583c9876e0a3cf9c77b03c2dbdd
709,27-02-2024 12:13:37:084,-,0B:A7:9F:B9:93:6F,-81,1e0600010f2022cf37e399441885ef129583c9876e0a3cf9c77b03c2dbdd
710,27-02-2024 12:13:37:402,-,0B:A7:9F:B9:93:6F,-96,1e0600010f2022cf37e399441885ef129583c9876e0a3cf9c77b03c2dbdd
711,27-02-2024 12:13:37:610,-,0B:A7:9F:B9:93:6F,-84,1e0600010f2022cf37e399441885ef129583c9876e0a3cf9c77b03c2dbdd
712,27-02-2024 12:13:37:714,-,0B:A7:9F:B9:93:6F,-99,1e0600010f2022cf37e399441885ef129583c9876e0a3cf9c77b03c2dbdd
713,27-02-2024 12:13:37:789,IW52,7C:D9:F4:07:12:56,-86,0689a0001805c050949573532
714,27-02-2024 12:13:37:925,-,0B:A7:9F:B9:93:6F,-87,1e0600010f2022cf37e399441885ef129583c9876e0a3cf9c77b03c2dbdd
715,27-02-2024 12:13:38:098,IW52,7C:D9:F4:07:12:56,-83,0689a0001805c050949573532
716,27-02-2024 12:13:38:136,-,0B:A7:9F:B9:93:6F,-87,1e0600010f2022cf37e399441885ef129583c9876e0a3cf9c77b03c2dbdd
717,27-02-2024 12:13:38:238,-,0B:A7:9F:B9:93:6F,-81,1e0600010f2022cf37e399441885ef129583c9876e0a3cf9c77b03c2dbdd
718,27-02-2024 12:13:38:339,-,0B:A7:9F:B9:93:6F,-97,1e0600010f2022cf37e399441885ef129583c9876e0a3cf9c77b03c2dbdd
719,27-02-2024 12:13:38:349,IW56,7C:D9:F4:1D:65:E1,-95,0689a0001805d050949573536
720,27-02-2024 12:13:38:399,IW52,7C:D9:F4:07:12:56,-86,0689a0001805c050949573532
721,27-02-2024 12:13:38:629,-,1B:62:03:8A:96:E4,-99,1e060001092022d84f909671512c2b277c3a6014d154b9146adbfb4da3f4
722,27-02-2024 12:13:38:647,-,0B:A7:9F:B9:93:6F,-81,1e0600010f2022cf37e399441885ef129583c9876e0a3cf9c77b03c2dbdd
723,27-02-2024 12:13:38:856,-,0B:A7:9F:B9:93:6F,-81,1e0600010f2022cf37e399441885ef129583c9876e0a3cf9c77b03c2dbdd
724,27-02-2024 12:13:38:931,FB BSW053,FA:61:2E:65:0A:30,-60,0af0ef00fa612e650a300a09464220425357303533
725,27-02-2024 12:13:38:959,-,0B:A7:9F:B9:93:6F,-96,1e0600010f2022cf37e399441885ef129583c9876e0a3cf9c77b03c2dbdd
726,27-02-2024 12:13:39:064,-,0B:A7:9F:B9:93:6F,-93,1e0600010f2022cf37e399441885ef129583c9876e0a3cf9c77b03c2dbdd
727,27-02-2024 12:13:39:165,-,0B:A7:9F:B9:93:6F,-92,1e0600010f2022cf37e399441885ef129583c9876e0a3cf9c77b03c2dbdd
728,27-02-2024 12:13:39:470,-,0B:A7:9F:B9:93:6F,-90,1e0600010f2022cf37e399441885ef129583c9876e0a3cf9c77b03c2dbdd
729,27-02-2024 12:13:39:784,-,0B:A7:9F:B9:93:6F,-96,1e0600010f2022cf37e399441885ef129583c9876e0a3cf9c77b03c2dbdd
730,27-02-2024 12:13:39:817,IW19,7C:D9:F4:01:21:33,-96,0689a00018064050949573139
731,27-02-2024 12:13:39:994,-,0B:A7:9F:B9:93:6F,-90,1e0600010f2022cf37e399441885ef129583c9876e0a3cf9c77b03c2dbdd
732,27-02-2024 12:13:40:201,-,1B:62:03:8A:96:E4,-99,1e060001092022d84f909671512c2b277c3a6014d154b9146adbfb4da3f4
733,27-02-2024 12:13:40:316,-,0B:A7:9F:B9:93:6F,-96,1e0600010f2022cf37e399441885ef129583c9876e0a3cf9c77b03c2dbdd
734,27-02-2024 12:13:40:424,-,0B:A7:9F:B9:93:6F,-91,1e0600010f2022cf37e399441885ef129583c9876e0a3cf9c77b03c2dbdd
735,27-02-2024 12:13:40:538,-,0B:A7:9F:B9:93:6F,-90,1e0600010f2022cf37e399441885ef129583c9876e0a3cf9c77b03c2dbdd
736,27-02-2024 12:13:40:613,-,1B:62:03:8A:96:E4,-94,1e060001092022d84f909671512c2b277c3a6014d154b9146adbfb4da3f4
737,27-02-2024 12:13:40:639,-,0B:A7:9F:B9:93:6F,-89,1e0600010f2022cf37e399441885ef129583c9876e0a3cf9c77b03c2dbdd
738,27-02-2024 12:13:40:743,-,0B:A7:9F:B9:93:6F,-89,1e0600010f2022cf37e399441885ef129583c9876e0a3cf9c77b03c2dbdd
739,27-02-2024 12:13:40:848,-,0B:A7:9F:B9:93:6F,-83,1e0600010f2022cf37e399441885ef129583c9876e0a3cf9c77b03c2dbdd
740,27-02-2024 12:13:40:862,IW52,7C:D9:F4:07:12:56,-83,0689a0001805c050949573532
741,27-02-2024 12:13:41:154,-,0B:A7:9F:B9:93:6F,-87,1e0600010f2022cf37e399441885ef129583c9876e0a3cf9c77b03c2dbdd
742,27-02-2024 12:13:41:164,IW52,7C:D9:F4:07:12:56,-83,0689a0001805c050949573532
743,27-02-2024 12:13:41:366,-,0B:A7:9F:B9:93:6F,-93,1e0600010f2022cf37e399441885ef129583c9876e0a3cf9c77b03c2dbdd
744,27-02-2024 12:13:41:455,-,1B:62:03:8A:96:E4,-96,1e060001092022d84f909671512c2b277c3a6014d154b9146adbfb4da3f4
745,27-02-2024 12:13:41:467,-,0B:A7:9F:B9:93:6F,-83,1e0600010f2022cf37e399441885ef129583c9876e0a3cf9c77b03c2dbdd
746,27-02-2024 12:13:41:480,IW31,7C:D9:F4:02:66:A7,-68,0689a00018066050949573331
747,27-02-2024 12:13:41:558,-,1B:62:03:8A:96:E4,-96,1e060001092022d84f909671512c2b277c3a6014d154b9146adbfb4da3f4
748,27-02-2024 12:13:41:575,-,0B:A7:9F:B9:93:6F,-87,1e0600010f2022cf37e399441885ef129583c9876e0a3cf9c77b03c2dbdd
749,27-02-2024 12:13:41:785,-,0B:A7:9F:B9:93:6F,-90,1e0600010f2022cf37e399441885ef129583c9876e0a3cf9c77b03c2dbdd
750,27-02-2024 12:13:41:806,IW11,7C:D9:F4:00:41:91,-91,0689a00018066050949573131
751,27-02-2024 12:13:41:895,-,0B:A7:9F:B9:93:6F,-93,1e0600010f2022cf37e399441885ef129583c9876e0a3cf9c77b03c2dbdd
752,27-02-2024 12:13:41:975,IW19,7C:D9:F4:01:21:33,-99,0689a00018064050949573139
753,27-02-2024 12:13:41:986,-,1B:62:03:8A:96:E4,-95,1e060001092022d84f909671512c2b277c3a6014d154b9146adbfb4da3f4
754,27-02-2024 12:13:41:999, BSS-728,01:B6:EC:E1:3D:87,-96,0c1c990088a001b6ece13d870909204253532d373238
755,27-02-2024 12:13:42:011,-,0B:A7:9F:B9:93:6F,-87,1e0600010f2022cf37e399441885ef129583c9876e0a3cf9c77b03c2dbdd
756,27-02-2024 12:13:42:022,-,1F:23:06:49:2B:B1,-101,1e060001092026222efb2a15f3d3f1773b2bcd4964a8ab21b4aeee65b1a5
757,27-02-2024 12:13:42:104,-,0B:A7:9F:B9:93:6F,-83,1e0600010f2022cf37e399441885ef129583c9876e0a3cf9c77b03c2dbdd
758,27-02-2024 12:13:42:213,-,0B:A7:9F:B9:93:6F,-93,1e0600010f2022cf37e399441885ef129583c9876e0a3cf9c77b03c2dbdd
759,27-02-2024 12:13:42:298,-,1B:62:03:8A:96:E4,-97,1e060001092022d84f909671512c2b277c3a6014d154b9146adbfb4da3f4
760,27-02-2024 12:13:42:318,-,0B:A7:9F:B9:93:6F,-93,1e0600010f2022cf37e399441885ef129583c9876e0a3cf9c77b03c2dbdd
761,27-02-2024 12:13:42:525,-,0B:A7:9F:B9:93:6F,-93,1e0600010f2022cf37e399441885ef129583c9876e0a3cf9c77b03c2dbdd
762,27-02-2024 12:13:42:655,IW56,7C:D9:F4:1D:65:E1,-93,0689a0001805d050949573536
763,27-02-2024 12:13:42:712,IW52,7C:D9:F4:07:12:56,-87,0689a0001805c050949573532
764,27-02-2024 12:13:42:944,FB BSW053,FA:61:2E:65:0A:30,-57,0af0ef00fa612e650a300a09464220425357303533
765,27-02-2024 12:13:43:062,-,0B:A7:9F:B9:93:6F,-96,1e0600010f2022cf37e399441885ef129583c9876e0a3cf9c77b03c2dbdd
766,27-02-2024 12:13:43:208,-,65:EC:06:46:63:B7,-96,0a4c0010050c1c11489f
767,27-02-2024 12:13:43:380,-,0B:A7:9F:B9:93:6F,-89,1e0600010f2022cf37e399441885ef129583c9876e0a3cf9c77b03c2dbdd
768,27-02-2024 12:13:43:434, BSS-728,01:B6:EC:E1:3D:87,-93,0c1c990088a001b6ece13d870909204253532d373238
769,27-02-2024 12:13:43:445,-,1B:62:03:8A:96:E4,-99,1e060001092022d84f909671512c2b277c3a6014d154b9146adbfb4da3f4
770,27-02-2024 12:13:43:594,-,0B:A7:9F:B9:93:6F,-96,1e0600010f2022cf37e399441885ef129583c9876e0a3cf9c77b03c2dbdd
771,27-02-2024 12:13:43:749,-,1B:62:03:8A:96:E4,-96,1e060001092022d84f909671512c2b277c3a6014d154b9146adbfb4da3f4
772,27-02-2024 12:13:43:907,-,0B:A7:9F:B9:93:6F,-89,1e0600010f2022cf37e399441885ef129583c9876e0a3cf9c77b03c2dbdd
773,27-02-2024 12:13:43:939,IW52,7C:D9:F4:07:12:56,-81,0689a0001805c050949573532
774,27-02-2024 12:13:44:003,-,0B:A7:9F:B9:93:6F,-89,1e0600010f2022cf37e399441885ef129583c9876e0a3cf9c77b03c2dbdd
775,27-02-2024 12:13:44:039, BSS-728,01:B6:EC:E1:3D:87,-95,0c1c990088a001b6ece13d870909204253532d373238
776,27-02-2024 12:13:44:213,-,0B:A7:9F:B9:93:6F,-85,1e0600010f2022cf37e399441885ef129583c9876e0a3cf9c77b03c2dbdd
777,27-02-2024 12:13:44:267,IW11,7C:D9:F4:00:41:91,-93,0689a00018066050949573131
778,27-02-2024 12:13:44:535,-,0B:A7:9F:B9:93:6F,-85,1e0600010f2022cf37e399441885ef129583c9876e0a3cf9c77b03c2dbdd
779,27-02-2024 12:13:44:646,-,0B:A7:9F:B9:93:6F,-90,1e0600010f2022cf37e399441885ef129583c9876e0a3cf9c77b03c2dbdd
780,27-02-2024 12:13:44:690,-,1B:62:03:8A:96:E4,-102,1e060001092022d84f909671512c2b277c3a6014d154b9146adbfb4da3f4
781,27-02-2024 12:13:44:942,FB BSW053,FA:61:2E:65:0A:30,-57,0af0ef00fa612e650a300a09464220425357303533
782,27-02-2024 12:13:44:957,-,0B:A7:9F:B9:93:6F,-83,1e0600010f2022cf37e399441885ef129583c9876e0a3cf9c77b03c2dbdd
783,27-02-2024 12:13:45:065,-,0B:A7:9F:B9:93:6F,-90,1e0600010f2022cf37e399441885ef129583c9876e0a3cf9c77b03c2dbdd
784,27-02-2024 12:13:45:173,IW52,7C:D9:F4:07:12:56,-86,0689a0001805c050949573532
785,27-02-2024 12:13:45:268,-,0B:A7:9F:B9:93:6F,-83,1e0600010f2022cf37e399441885ef129583c9876e0a3cf9c77b03c2dbdd
786,27-02-2024 12:13:45:375,-,0B:A7:9F:B9:93:6F,-84,1e0600010f2022cf37e399441885ef129583c9876e0a3cf9c77b03c2dbdd
787,27-02-2024 12:13:45:478,IW52,7C:D9:F4:07:12:56,-86,0689a0001805c050949573532
788,27-02-2024 12:13:45:499,IW11,7C:D9:F4:00:41:91,-93,0689a00018065050949573131
789,27-02-2024 12:13:45:808,-,0B:A7:9F:B9:93:6F,-90,1e0600010f2022cf37e399441885ef129583c9876e0a3cf9c77b03c2dbdd
790,27-02-2024 12:13:45:910,-,0B:A7:9F:B9:93:6F,-86,1e0600010f2022cf37e399441885ef129583c9876e0a3cf9c77b03c2dbdd
791,27-02-2024 12:13:46:108,IW11,7C:D9:F4:00:41:91,-82,0689a00018065050949573131
792,27-02-2024 12:13:46:345,IW56,7C:D9:F4:1D:65:E1,-93,0689a0001805d050949573536
793,27-02-2024 12:13:46:397,IW31,7C:D9:F4:02:66:A7,-70,0689a00018066050949573331
794,27-02-2024 12:13:46:654,IW56,7C:D9:F4:1D:65:E1,-92,0689a0001805d050949573536
795,27-02-2024 12:13:46:717,IW11,7C:D9:F4:00:41:91,-89,0689a00018065050949573131
796,27-02-2024 12:13:46:728,IW40,7C:D9:F4:03:AF:F6,-98,0689a00018064050949573430
797,27-02-2024 12:13:46:950,FB BSW053,FA:61:2E:65:0A:30,-51,0af0ef00fa612e650a300a09464220425357303533
798,27-02-2024 12:13:47:959,IW11,7C:D9:F4:00:41:91,-84,0689a00018066050949573131
799,27-02-2024 12:13:48:104,-,0B:A7:9F:B9:93:6F,-88,1e0600010f2022cf37e399441885ef129583c9876e0a3cf9c77b03c2dbdd
800,27-02-2024 12:13:48:144, BSS-728,01:B6:EC:E1:3D:87,-96,0c1c990088a001b6ece13d870909204253532d373238
801,27-02-2024 12:13:48:736,-,0B:A7:9F:B9:93:6F,-89,1e0600010f2022cf37e399441885ef129583c9876e0a3cf9c77b03c2dbdd
802,27-02-2024 12:13:48:865,IW31,7C:D9:F4:02:66:A7,-71,0689a00018066050949573331
803,27-02-2024 12:13:49:042,-,0B:A7:9F:B9:93:6F,-84,1e0600010f2022cf37e399441885ef129583c9876e0a3cf9c77b03c2dbdd
804,27-02-2024 12:13:49:255,-,0B:A7:9F:B9:93:6F,-87,1e0600010f2022cf37e399441885ef129583c9876e0a3cf9c77b03c2dbdd
805,27-02-2024 12:13:49:464,-,0B:A7:9F:B9:93:6F,-87,1e0600010f2022cf37e399441885ef129583c9876e0a3cf9c77b03c2dbdd
806,27-02-2024 12:13:49:475,-,1B:62:03:8A:96:E4,-98,1e060001092022d84f909671512c2b277c3a6014d154b9146adbfb4da3f4
807,27-02-2024 12:13:49:765,-,0B:A7:9F:B9:93:6F,-84,1e0600010f2022cf37e399441885ef129583c9876e0a3cf9c77b03c2dbdd
808,27-02-2024 12:13:49:981,-,0B:A7:9F:B9:93:6F,-90,1e0600010f2022cf37e399441885ef129583c9876e0a3cf9c77b03c2dbdd
809,27-02-2024 12:13:50:093,IW31,7C:D9:F4:02:66:A7,-71,0689a00018066050949573331
810,27-02-2024 12:13:50:196,-,0B:A7:9F:B9:93:6F,-84,1e0600010f2022cf37e399441885ef129583c9876e0a3cf9c77b03c2dbdd
811,27-02-2024 12:13:50:406,-,0B:A7:9F:B9:93:6F,-90,1e0600010f2022cf37e399441885ef129583c9876e0a3cf9c77b03c2dbdd
812,27-02-2024 12:13:50:707,IW52,7C:D9:F4:07:12:56,-84,0689a0001805c050949573532
813,27-02-2024 12:13:50:722,IW11,7C:D9:F4:00:41:91,-97,0689a00018066050949573131
814,27-02-2024 12:13:50:959,FB BSW053,FA:61:2E:65:0A:30,-56,0af0ef00fa612e650a300a09464220425357303533
815,27-02-2024 12:13:51:026,IW11,7C:D9:F4:00:41:91,-95,0689a00018066050949573131
816,27-02-2024 12:13:51:322,IW31,7C:D9:F4:02:66:A7,-70,0689a00018066050949573331
817,27-02-2024 12:13:51:641,IW31,7C:D9:F4:02:66:A7,-71,0689a00018066050949573331
818,27-02-2024 12:13:51:938,IW31,7C:D9:F4:02:66:A7,-95,0689a00018066050949573331
819,27-02-2024 12:13:51:971,-,0B:A7:9F:B9:93:6F,-85,1e0600010f2022cf37e399441885ef129583c9876e0a3cf9c77b03c2dbdd
820,27-02-2024 12:13:52:389,-,0B:A7:9F:B9:93:6F,-87,1e0600010f2022cf37e399441885ef129583c9876e0a3cf9c77b03c2dbdd
821,27-02-2024 12:13:52:500,-,0B:A7:9F:B9:93:6F,-96,1e0600010f2022cf37e399441885ef129583c9876e0a3cf9c77b03c2dbdd
822,27-02-2024 12:13:52:604,-,0B:A7:9F:B9:93:6F,-87,1e0600010f2022cf37e399441885ef129583c9876e0a3cf9c77b03c2dbdd
823,27-02-2024 12:13:52:807,IW56,7C:D9:F4:1D:65:E1,-90,0689a0001805d050949573536
824,27-02-2024 12:13:52:920,-,0B:A7:9F:B9:93:6F,-94,1e0600010f2022cf37e399441885ef129583c9876e0a3cf9c77b03c2dbdd
825,27-02-2024 12:13:53:114,IW56,7C:D9:F4:1D:65:E1,-90,0689a0001805d050949573536
826,27-02-2024 12:13:53:130,-,0B:A7:9F:B9:93:6F,-90,1e0600010f2022cf37e399441885ef129583c9876e0a3cf9c77b03c2dbdd
827,27-02-2024 12:13:53:143,-,1B:62:03:8A:96:E4,-98,1e060001092022d84f909671512c2b277c3a6014d154b9146adbfb4da3f4
828,27-02-2024 12:13:53:233,-,0B:A7:9F:B9:93:6F,-88,1e0600010f2022cf37e399441885ef129583c9876e0a3cf9c77b03c2dbdd
829,27-02-2024 12:13:53:442,-,0B:A7:9F:B9:93:6F,-86,1e0600010f2022cf37e399441885ef129583c9876e0a3cf9c77b03c2dbdd
830,27-02-2024 12:13:53:867,-,0B:A7:9F:B9:93:6F,-87,1e0600010f2022cf37e399441885ef129583c9876e0a3cf9c77b03c2dbdd
831,27-02-2024 12:13:54:964,FB BSW053,FA:61:2E:65:0A:30,-56,0af0ef00fa612e650a300a09464220425357303533
832,27-02-2024 12:13:55:218,-,0B:A7:9F:B9:93:6F,-87,1e0600010f2022cf37e399441885ef129583c9876e0a3cf9c77b03c2dbdd
833,27-02-2024 12:13:55:316,IW52,7C:D9:F4:07:12:56,-86,0689a0001805c050949573532
834,27-02-2024 12:13:55:624,IW31,7C:D9:F4:02:66:A7,-73,0689a00018066050949573331
835,27-02-2024 12:13:55:633,-,0B:A7:9F:B9:93:6F,-92,1e0600010f2022cf37e399441885ef129583c9876e0a3cf9c77b03c2dbdd
836,27-02-2024 12:13:56:185,-,1B:62:03:8A:96:E4,-102,1e060001092022d84f909671512c2b277c3a6014d154b9146adbfb4da3f4
837,27-02-2024 12:13:56:235,IW52,7C:D9:F4:07:12:56,-86,0689a0001805c050949573532
838,27-02-2024 12:13:56:346,-,0B:A7:9F:B9:93:6F,-93,1e0600010f2022cf37e399441885ef129583c9876e0a3cf9c77b03c2dbdd
839,27-02-2024 12:13:56:555,IW31,7C:D9:F4:02:66:A7,-72,0689a00018066050949573331
840,27-02-2024 12:13:56:565,IW11,7C:D9:F4:00:41:91,-89,0689a00018066050949573131
841,27-02-2024 12:13:56:657,-,0B:A7:9F:B9:93:6F,-93,1e0600010f2022cf37e399441885ef129583c9876e0a3cf9c77b03c2dbdd
842,27-02-2024 12:13:56:858,IW31,7C:D9:F4:02:66:A7,-79,0689a00018066050949573331
843,27-02-2024 12:13:56:972,FB BSW053,FA:61:2E:65:0A:30,-50,0af0ef00fa612e650a300a09464220425357303533
844,27-02-2024 12:13:57:818,-,0B:A7:9F:B9:93:6F,-74,1e0600010f2022cf37e399441885ef129583c9876e0a3cf9c77b03c2dbdd
845,27-02-2024 12:13:58:236,-,0B:A7:9F:B9:93:6F,-93,1e0600010f2022cf37e399441885ef129583c9876e0a3cf9c77b03c2dbdd
846,27-02-2024 12:13:58:338,-,0B:A7:9F:B9:93:6F,-76,1e0600010f2022cf37e399441885ef129583c9876e0a3cf9c77b03c2dbdd
847,27-02-2024 12:13:58:406,IW11,7C:D9:F4:00:41:91,-89,0689a00018066050949573131
848,27-02-2024 12:13:58:861,-,0B:A7:9F:B9:93:6F,-86,1e0600010f2022cf37e399441885ef129583c9876e0a3cf9c77b03c2dbdd
849,27-02-2024 12:13:58:881,IW19,7C:D9:F4:01:21:33,-98,0689a00018064050949573139
850,27-02-2024 12:13:58:963,-,0B:A7:9F:B9:93:6F,-93,1e0600010f2022cf37e399441885ef129583c9876e0a3cf9c77b03c2dbdd
851,27-02-2024 12:13:59:008,IW31,7C:D9:F4:02:66:A7,-73,0689a00018066050949573331
852,27-02-2024 12:13:59:478,-,0B:A7:9F:B9:93:6F,-65,1e0600010f2022cf37e399441885ef129583c9876e0a3cf9c77b03c2dbdd
853,27-02-2024 12:13:59:584,-,0B:A7:9F:B9:93:6F,-62,1e0600010f2022cf37e399441885ef129583c9876e0a3cf9c77b03c2dbdd
854,27-02-2024 12:13:59:620,IW31,7C:D9:F4:02:66:A7,-69,0689a00018066050949573331
855,27-02-2024 12:14:00:426,-,0B:A7:9F:B9:93:6F,-90,1e0600010f2022cf37e399441885ef129583c9876e0a3cf9c77b03c2dbdd
856,27-02-2024 12:14:01:060,-,0B:A7:9F:B9:93:6F,-89,1e0600010f2022cf37e399441885ef129583c9876e0a3cf9c77b03c2dbdd
857,27-02-2024 12:14:01:164,-,0B:A7:9F:B9:93:6F,-85,1e0600010f2022cf37e399441885ef129583c9876e0a3cf9c77b03c2dbdd
858,27-02-2024 12:14:01:175,IW11,7C:D9:F4:00:41:91,-87,0689a00018066050949573131
859,27-02-2024 12:14:02:702,IW31,7C:D9:F4:02:66:A7,-70,0689a00018066050949573331
860,27-02-2024 12:14:02:833,-,0B:A7:9F:B9:93:6F,-84,1e0600010f2022cf37e399441885ef129583c9876e0a3cf9c77b03c2dbdd
861,27-02-2024 12:14:03:806,-,65:EC:06:46:63:B7,-95,0a4c0010050c1c11489f
862,27-02-2024 12:14:04:237,IW52,7C:D9:F4:07:12:56,-83,0689a0001805c050949573532
863,27-02-2024 12:14:04:548,IW52,7C:D9:F4:07:12:56,-92,0689a0001805c050949573532
864,27-02-2024 12:14:04:600,-,0B:A7:9F:B9:93:6F,-82,1e0600010f2022cf37e399441885ef129583c9876e0a3cf9c77b03c2dbdd
865,27-02-2024 12:14:04:850,IW52,7C:D9:F4:07:12:56,-92,0689a0001805b050949573532
866,27-02-2024 12:14:04:909,-,0B:A7:9F:B9:93:6F,-85,1e0600010f2022cf37e399441885ef129583c9876e0a3cf9c77b03c2dbdd
867,27-02-2024 12:14:04:979,FB BSW053,FA:61:2E:65:0A:30,-47,0af0ef00fa612e650a300a09464220425357303533
868,27-02-2024 12:14:05:174,IW11,7C:D9:F4:00:41:91,-81,0689a00018066050949573131
869,27-02-2024 12:14:05:223,-,0B:A7:9F:B9:93:6F,-91,1e0600010f2022cf37e399441885ef129583c9876e0a3cf9c77b03c2dbdd
870,27-02-2024 12:14:05:543,-,0B:A7:9F:B9:93:6F,-81,1e0600010f2022cf37e399441885ef129583c9876e0a3cf9c77b03c2dbdd
871,27-02-2024 12:14:06:096,IW11,7C:D9:F4:00:41:91,-91,0689a00018065050949573131
872,27-02-2024 12:14:06:180,-,0B:A7:9F:B9:93:6F,-90,1e0600010f2022cf37e399441885ef129583c9876e0a3cf9c77b03c2dbdd
873,27-02-2024 12:14:06:550,-,65:EC:06:46:63:B7,-94,0a4c0010050c1c11489f
874,27-02-2024 12:14:07:952,-,0B:A7:9F:B9:93:6F,-89,1e0600010f2022cf37e399441885ef129583c9876e0a3cf9c77b03c2dbdd
875,27-02-2024 12:14:08:999,FB BSW053,FA:61:2E:65:0A:30,-46,0af0ef00fa612e650a300a09464220425357303533
876,27-02-2024 12:14:09:111,-,0B:A7:9F:B9:93:6F,-92,1e0600010f2022cf37e399441885ef129583c9876e0a3cf9c77b03c2dbdd
877,27-02-2024 12:14:09:157,IW31,7C:D9:F4:02:66:A7,-84,0689a00018066050949573331
878,27-02-2024 12:14:10:068,IW31,7C:D9:F4:02:66:A7,-72,0689a00018066050949573331
879,27-02-2024 12:14:10:286, BSS-728,01:B6:EC:E1:3D:87,-93,0c1c990088a001b6ece13d870909204253532d373238
880,27-02-2024 12:14:10:480,-,0B:A7:9F:B9:93:6F,-59,1e0600010f2022cf37e399441885ef129583c9876e0a3cf9c77b03c2dbdd
881,27-02-2024 12:14:10:996,FB BSW053,FA:61:2E:65:0A:30,-58,0af0ef00fa612e650a300a09464220425357303533
882,27-02-2024 12:14:11:001,-,0B:A7:9F:B9:93:6F,-99,1e0600010f2022cf37e399441885ef129583c9876e0a3cf9c77b03c2dbdd
883,27-02-2024 12:14:11:219,-,0B:A7:9F:B9:93:6F,-59,1e0600010f2022cf37e399441885ef129583c9876e0a3cf9c77b03c2dbdd
884,27-02-2024 12:14:11:429,-,0B:A7:9F:B9:93:6F,-83,1e0600010f2022cf37e399441885ef129583c9876e0a3cf9c77b03c2dbdd
885,27-02-2024 12:14:11:615,IW31,7C:D9:F4:02:66:A7,-78,0689a00018066050949573331
886,27-02-2024 12:14:11:645,-,0B:A7:9F:B9:93:6F,-93,1e0600010f2022cf37e399441885ef129583c9876e0a3cf9c77b03c2dbdd
887,27-02-2024 12:14:11:929, BSS-728,01:B6:EC:E1:3D:87,-99,0c1c990088a001b6ece13d870909204253532d373238
888,27-02-2024 12:14:11:937,IW11,7C:D9:F4:00:41:91,-93,0689a00018066050949573131
889,27-02-2024 12:14:11:947,IW40,7C:D9:F4:03:AF:F6,-97,0689a00018064050949573430
890,27-02-2024 12:14:11:959,-,0B:A7:9F:B9:93:6F,-86,1e0600010f2022cf37e399441885ef129583c9876e0a3cf9c77b03c2dbdd
891,27-02-2024 12:14:12:157,-,0B:A7:9F:B9:93:6F,-70,1e0600010f2022cf37e399441885ef129583c9876e0a3cf9c77b03c2dbdd
892,27-02-2024 12:14:12:264,-,0B:A7:9F:B9:93:6F,-85,1e0600010f2022cf37e399441885ef129583c9876e0a3cf9c77b03c2dbdd
893,27-02-2024 12:14:12:375,-,0B:A7:9F:B9:93:6F,-93,1e0600010f2022cf37e399441885ef129583c9876e0a3cf9c77b03c2dbdd
894,27-02-2024 12:14:12:501,-,48:89:A9:D4:80:B9,-95,0d4c00090813120ac2bfc61b58
895,27-02-2024 12:14:12:585,-,0B:A7:9F:B9:93:6F,-57,1e0600010f2022cf37e399441885ef129583c9876e0a3cf9c77b03c2dbdd
896,27-02-2024 12:14:12:689,-,48:89:A9:D4:80:B9,-93,0d4c00090813120ac2bfc61b58
897,27-02-2024 12:14:12:701,-,0B:A7:9F:B9:93:6F,-86,1e0600010f2022cf37e399441885ef129583c9876e0a3cf9c77b03c2dbdd
898,27-02-2024 12:14:12:790,IW56,7C:D9:F4:1D:65:E1,-95,0689a0001805d050949573536
899,27-02-2024 12:14:12:902,-,0B:A7:9F:B9:93:6F,-96,1e0600010f2022cf37e399441885ef129583c9876e0a3cf9c77b03c2dbdd
900,27-02-2024 12:14:13:011,FB BSW053,FA:61:2E:65:0A:30,-57,0af0ef00fa612e650a300a09464220425357303533
901,27-02-2024 12:14:14:050,-,0B:A7:9F:B9:93:6F,-86,1e0600010f2022cf37e399441885ef129583c9876e0a3cf9c77b03c2dbdd
902,27-02-2024 12:14:14:058,IW52,7C:D9:F4:07:12:56,-92,0689a0001805c050949573532
903,27-02-2024 12:14:14:061,IW31,7C:D9:F4:02:66:A7,-69,0689a00018066050949573331
904,27-02-2024 12:14:14:271,-,0B:A7:9F:B9:93:6F,-90,1e0600010f2022cf37e399441885ef129583c9876e0a3cf9c77b03c2dbdd
905,27-02-2024 12:14:14:693,-,0B:A7:9F:B9:93:6F,-90,1e0600010f2022cf37e399441885ef129583c9876e0a3cf9c77b03c2dbdd
906,27-02-2024 12:14:15:007,-,0B:A7:9F:B9:93:6F,-90,1e0600010f2022cf37e399441885ef129583c9876e0a3cf9c77b03c2dbdd
907,27-02-2024 12:14:15:017,FB BSW053,FA:61:2E:65:0A:30,-47,0af0ef00fa612e650a300a09464220425357303533
908,27-02-2024 12:14:15:834,-,0B:A7:9F:B9:93:6F,-93,1e0600010f2022cf37e399441885ef129583c9876e0a3cf9c77b03c2dbdd
909,27-02-2024 12:14:16:148,-,0B:A7:9F:B9:93:6F,-92,1e0600010f2022cf37e399441885ef129583c9876e0a3cf9c77b03c2dbdd
910,27-02-2024 12:14:16:234,IW31,7C:D9:F4:02:66:A7,-84,0689a00018066050949573331
911,27-02-2024 12:14:16:569,-,0B:A7:9F:B9:93:6F,-72,1e0600010f2022cf37e399441885ef129583c9876e0a3cf9c77b03c2dbdd
912,27-02-2024 12:14:16:773,-,0B:A7:9F:B9:93:6F,-83,1e0600010f2022cf37e399441885ef129583c9876e0a3cf9c77b03c2dbdd
913,27-02-2024 12:14:16:862,-,48:89:A9:D4:80:B9,-96,0d4c00090813120ac2bfc61b58
914,27-02-2024 12:14:16:992,-,0B:A7:9F:B9:93:6F,-60,1e0600010f2022cf37e399441885ef129583c9876e0a3cf9c77b03c2dbdd
915,27-02-2024 12:14:17:188,-,0B:A7:9F:B9:93:6F,-89,1e0600010f2022cf37e399441885ef129583c9876e0a3cf9c77b03c2dbdd
916,27-02-2024 12:14:17:752,IW31,7C:D9:F4:02:66:A7,-75,0689a00018066050949573331
917,27-02-2024 12:14:17:816,-,0B:A7:9F:B9:93:6F,-87,1e0600010f2022cf37e399441885ef129583c9876e0a3cf9c77b03c2dbdd
918,27-02-2024 12:14:17:927,-,0B:A7:9F:B9:93:6F,-90,1e0600010f2022cf37e399441885ef129583c9876e0a3cf9c77b03c2dbdd
919,27-02-2024 12:14:18:035,-,0B:A7:9F:B9:93:6F,-87,1e0600010f2022cf37e399441885ef129583c9876e0a3cf9c77b03c2dbdd
920,27-02-2024 12:14:18:446,-,0B:A7:9F:B9:93:6F,-68,1e0600010f2022cf37e399441885ef129583c9876e0a3cf9c77b03c2dbdd
921,27-02-2024 12:14:18:554,-,0B:A7:9F:B9:93:6F,-69,1e0600010f2022cf37e399441885ef129583c9876e0a3cf9c77b03c2dbdd
922,27-02-2024 12:14:18:619,IW56,7C:D9:F4:1D:65:E1,-95,0689a0001805d050949573536
923,27-02-2024 12:14:18:686, BSS-728,01:B6:EC:E1:3D:87,-98,0c1c990088a001b6ece13d870909204253532d373238
924,27-02-2024 12:14:18:694,IW11,7C:D9:F4:00:41:91,-95,0689a00018065050949573131
925,27-02-2024 12:14:19:296,IW31,7C:D9:F4:02:66:A7,-70,0689a00018066050949573331
926,27-02-2024 12:14:19:515, BSS-728,01:B6:EC:E1:3D:87,-97,0c1c990088a001b6ece13d870909204253532d373238
927,27-02-2024 12:14:19:590,-,0B:A7:9F:B9:93:6F,-84,1e0600010f2022cf37e399441885ef129583c9876e0a3cf9c77b03c2dbdd
928,27-02-2024 12:14:19:610,IW31,7C:D9:F4:02:66:A7,-65,0689a00018066050949573331
929,27-02-2024 12:14:20:734,-,0B:A7:9F:B9:93:6F,-93,1e0600010f2022cf37e399441885ef129583c9876e0a3cf9c77b03c2dbdd
930,27-02-2024 12:14:20:832,-,0B:A7:9F:B9:93:6F,-84,1e0600010f2022cf37e399441885ef129583c9876e0a3cf9c77b03c2dbdd
931,27-02-2024 12:14:20:842,IW11,7C:D9:F4:00:41:91,-88,0689a00018066050949573131
932,27-02-2024 12:14:20:947,-,0B:A7:9F:B9:93:6F,-87,1e0600010f2022cf37e399441885ef129583c9876e0a3cf9c77b03c2dbdd
933,27-02-2024 12:14:21:139,IW31,7C:D9:F4:02:66:A7,-67,0689a00018066050949573331
934,27-02-2024 12:14:21:144,-,0B:A7:9F:B9:93:6F,-88,1e0600010f2022cf37e399441885ef129583c9876e0a3cf9c77b03c2dbdd
935,27-02-2024 12:14:21:442,IW52,7C:D9:F4:07:12:56,-90,0689a0001805c050949573532
936,27-02-2024 12:14:21:447,IW31,7C:D9:F4:02:66:A7,-87,0689a00018066050949573331
937,27-02-2024 12:14:21:465,IW11,7C:D9:F4:00:41:91,-87,0689a00018066050949573131
938,27-02-2024 12:14:21:470,-,0B:A7:9F:B9:93:6F,-90,1e0600010f2022cf37e399441885ef129583c9876e0a3cf9c77b03c2dbdd
939,27-02-2024 12:14:21:890,-,0B:A7:9F:B9:93:6F,-87,1e0600010f2022cf37e399441885ef129583c9876e0a3cf9c77b03c2dbdd
940,27-02-2024 12:14:22:057,IW31,7C:D9:F4:02:66:A7,-66,0689a00018066050949573331
941,27-02-2024 12:14:22:096,-,0B:A7:9F:B9:93:6F,-89,1e0600010f2022cf37e399441885ef129583c9876e0a3cf9c77b03c2dbdd
